subject,condition,trial,volume_db,source
sub-1,overt,0,52.960487918978913,mic_channel
sub-1,overt,1,54.058779963201971,mic_channel
sub-1,overt,2,57.499146098418876,mic_channel
sub-1,overt,3,57.139344653285285,mic_channel
sub-1,overt,4,54.925672020880548,mic_channel
sub-1,overt,5,53.936571168722608,mic_channel
sub-1,overt,6,54.562763135758502,mic_channel
sub-1,overt,7,54.448063742959562,mic_channel
sub-1,overt,8,56.254743548830412,mic_channel
sub-1,overt,9,53.491005525402485,mic_channel
sub-1,overt,10,54.099739934373183,mic_channel
sub-1,overt,11,54.287202424233932,mic_channel
sub-1,overt,12,54.060003610800351,mic_channel
sub-1,overt,13,57.557664287940646,mic_channel
sub-1,overt,14,55.43635405034901,mic_channel
sub-1,overt,15,54.225693854657564,mic_channel
sub-1,overt,16,57.893939488333871,mic_channel
sub-1,overt,17,56.816311914166491,mic_channel
sub-1,overt,18,54.908367295607391,mic_channel
sub-1,overt,19,53.601281468852598,mic_channel
sub-1,overt,20,55.328010751530819,mic_channel
sub-1,overt,21,54.813901838241833,mic_channel
sub-1,overt,22,54.293621273420193,mic_channel
sub-1,overt,23,54.336471933685488,mic_channel
sub-1,overt,24,55.237260319598946,mic_channel
sub-1,overt,25,55.949943539122145,mic_channel
sub-1,overt,26,56.426381838793773,mic_channel
sub-1,overt,27,55.300597442288847,mic_channel
sub-1,overt,28,53.484298789952916,mic_channel
sub-1,overt,29,53.272602422985869,mic_channel
sub-1,overt,30,56.189410870905974,mic_channel
sub-1,overt,31,56.604845620621809,mic_channel
sub-1,overt,32,54.343283117983496,mic_channel
sub-1,overt,33,55.441920397232003,mic_channel
sub-1,overt,34,56.179351769505551,mic_channel
sub-1,overt,35,54.750626600317773,mic_channel
sub-1,overt,36,55.327021105925169,mic_channel
sub-1,overt,37,55.822846790061377,mic_channel
sub-1,overt,38,57.789816627992224,mic_channel
sub-1,overt,39,54.343706229252682,mic_channel
sub-1,overt,40,56.350300493096221,mic_channel
sub-1,overt,41,55.864724242641955,mic_channel
sub-1,overt,42,54.293785221882295,mic_channel
sub-1,overt,43,53.557187467746111,mic_channel
sub-1,overt,44,52.534528028582045,mic_channel
sub-1,overt,45,56.789293828709575,mic_channel
sub-1,overt,46,56.862289555054744,mic_channel
sub-1,overt,47,54.490540170696477,mic_channel
sub-1,overt,48,55.576747119632856,mic_channel
sub-1,overt,49,56.965430234081978,mic_channel
sub-1,overt,50,54.939181620134946,mic_channel
sub-1,overt,51,55.97166385230787,mic_channel
sub-1,overt,52,52.620231025174505,mic_channel
sub-1,overt,53,51.414203648732318,mic_channel
sub-1,overt,54,53.13430365399455,mic_channel
sub-1,overt,55,53.79930945533868,mic_channel
sub-1,overt,56,53.679421647223144,mic_channel
sub-1,overt,57,57.351402225835997,mic_channel
sub-1,overt,58,53.940644087033178,mic_channel
sub-1,overt,59,52.409944288081249,mic_channel
sub-1,overt,60,52.478555460306239,mic_channel
sub-1,overt,61,55.216763368878247,mic_channel
sub-1,overt,62,53.98020460477241,mic_channel
sub-1,overt,63,57.009267129447281,mic_channel
sub-1,overt,64,54.642583787566082,mic_channel
sub-1,overt,65,51.88520081224307,mic_channel
sub-1,overt,66,55.160222321930902,mic_channel
sub-1,overt,67,53.949110875171584,mic_channel
sub-1,overt,68,56.541173896591019,mic_channel
sub-1,overt,69,54.368736039171083,mic_channel
sub-1,overt,70,54.327841301426432,mic_channel
sub-1,overt,71,57.661763287819973,mic_channel
sub-1,overt,72,58.335369936517495,mic_channel
sub-1,overt,73,54.022706993679563,mic_channel
sub-1,overt,74,55.366724066764789,mic_channel
sub-1,overt,75,53.299505746626053,mic_channel
sub-1,overt,76,54.639735131570667,mic_channel
sub-1,overt,77,58.307599116176803,mic_channel
sub-1,overt,78,54.001075365919334,mic_channel
sub-1,overt,79,53.037327958012021,mic_channel
sub-1,overt,80,55.968965909291079,mic_channel
sub-1,overt,81,54.840780592619581,mic_channel
sub-1,overt,82,53.253582450276298,mic_channel
sub-1,overt,83,56.950691924532549,mic_channel
sub-1,overt,84,54.597219247564304,mic_channel
sub-1,overt,85,56.302520350979911,mic_channel
sub-1,overt,86,54.93722579655887,mic_channel
sub-1,overt,87,57.558686471927587,mic_channel
sub-1,overt,88,57.225233104253881,mic_channel
sub-1,overt,89,54.966397740050489,mic_channel
sub-1,overt,90,57.540596796578043,mic_channel
sub-1,overt,91,55.847911277809807,mic_channel
sub-1,overt,92,53.969960812271765,mic_channel
sub-1,overt,93,53.079595546845098,mic_channel
sub-1,overt,94,57.146924533610026,mic_channel
sub-1,overt,95,56.149440370305697,mic_channel
sub-1,overt,96,53.339713003784212,mic_channel
sub-1,overt,97,53.805484301672649,mic_channel
sub-1,overt,98,53.875193484225363,mic_channel
sub-1,overt,99,57.525413301712504,mic_channel
sub-1,overt,100,57.378532409617264,mic_channel
sub-1,overt,101,57.503405911165828,mic_channel
sub-1,overt,102,55.652068732697849,mic_channel
sub-1,overt,103,54.897996317257736,mic_channel
sub-1,overt,104,57.039937365277602,mic_channel
sub-1,overt,105,56.924382907487612,mic_channel
sub-1,overt,106,57.563414869007204,mic_channel
sub-1,overt,107,55.221880562837647,mic_channel
sub-1,overt,108,56.89861813012341,mic_channel
sub-1,overt,109,54.354521134982306,mic_channel
sub-1,overt,110,56.096618847203288,mic_channel
sub-1,overt,111,55.783964229495737,mic_channel
sub-1,overt,112,55.28752044354578,mic_channel
sub-1,overt,113,54.798109537403818,mic_channel
sub-1,overt,114,55.256013848589539,mic_channel
sub-1,overt,115,54.133990410325517,mic_channel
sub-1,overt,116,57.002740721895286,mic_channel
sub-1,overt,117,56.444266796980102,mic_channel
sub-1,overt,118,54.909350388268862,mic_channel
sub-1,overt,119,56.222878781268257,mic_channel
sub-1,overt,120,54.434194243795311,mic_channel
sub-1,overt,121,56.98301965751206,mic_channel
sub-1,overt,122,55.624364153138103,mic_channel
sub-1,overt,123,53.49379659149551,mic_channel
sub-1,overt,124,55.009832689604991,mic_channel
sub-1,overt,125,56.6508654312467,mic_channel
sub-1,overt,126,54.861603304366085,mic_channel
sub-1,overt,127,55.188439014837513,mic_channel
sub-1,overt,128,54.379142830589927,mic_channel
sub-1,overt,129,54.376100112695553,mic_channel
sub-1,overt,130,54.243291027846851,mic_channel
sub-1,overt,131,53.860434759793151,mic_channel
sub-1,overt,132,54.667794712271586,mic_channel
sub-1,overt,133,54.714033920335773,mic_channel
sub-1,overt,134,54.081817037865534,mic_channel
sub-1,overt,135,53.067015667483318,mic_channel
sub-1,overt,136,51.172436400358805,mic_channel
sub-1,overt,137,53.710471033091821,mic_channel
sub-1,overt,138,53.099328293015205,mic_channel
sub-1,overt,139,54.015987703860773,mic_channel
sub-1,overt,140,53.798087382554669,mic_channel
sub-1,overt,141,53.512578294414823,mic_channel
sub-1,overt,142,54.475367780023305,mic_channel
sub-1,overt,143,54.311538034690052,mic_channel
sub-1,overt,144,53.595889713225766,mic_channel
sub-1,overt,145,54.177381645335529,mic_channel
sub-1,overt,146,51.469841319746379,mic_channel
sub-1,overt,147,53.747768159236578,mic_channel
sub-1,overt,148,53.236047603000294,mic_channel
sub-1,overt,149,53.075750107456393,mic_channel
sub-1,minimally_overt,0,33.562126089480515,mic_channel
sub-1,minimally_overt,1,33.972204900763998,mic_channel
sub-1,minimally_overt,2,34.463198226359808,mic_channel
sub-1,minimally_overt,3,34.18901749948283,mic_channel
sub-1,minimally_overt,4,33.702111571989207,mic_channel
sub-1,minimally_overt,5,33.218488665759615,mic_channel
sub-1,minimally_overt,6,33.884372023097171,mic_channel
sub-1,minimally_overt,7,33.444157551106869,mic_channel
sub-1,minimally_overt,8,33.898712584427862,mic_channel
sub-1,minimally_overt,9,33.453777739824716,mic_channel
sub-1,minimally_overt,10,33.839018993018314,mic_channel
sub-1,minimally_overt,11,33.59047502685489,mic_channel
sub-1,minimally_overt,12,33.681227532132354,mic_channel
sub-1,minimally_overt,13,33.392853242196139,mic_channel
sub-1,minimally_overt,14,33.99883367445404,mic_channel
sub-1,minimally_overt,15,33.205540422512868,mic_channel
sub-1,minimally_overt,16,33.071781693003445,mic_channel
sub-1,minimally_overt,17,33.643576293708733,mic_channel
sub-1,minimally_overt,18,33.567333432477824,mic_channel
sub-1,minimally_overt,19,34.289269955152577,mic_channel
sub-1,minimally_overt,20,34.046432872344518,mic_channel
sub-1,minimally_overt,21,32.891735767683485,mic_channel
sub-1,minimally_overt,22,33.954249121148493,mic_channel
sub-1,minimally_overt,23,33.717562487060327,mic_channel
sub-1,minimally_overt,24,33.348823766004031,mic_channel
sub-1,minimally_overt,25,33.29849670222616,mic_channel
sub-1,minimally_overt,26,33.541889195591772,mic_channel
sub-1,minimally_overt,27,33.852531794749005,mic_channel
sub-1,minimally_overt,28,34.414044766738193,mic_channel
sub-1,minimally_overt,29,32.960438086078931,mic_channel
sub-1,minimally_overt,30,33.991931368875242,mic_channel
sub-1,minimally_overt,31,33.727623630554788,mic_channel
sub-1,minimally_overt,32,33.418668140767323,mic_channel
sub-1,minimally_overt,33,33.472566635177344,mic_channel
sub-1,minimally_overt,34,33.657952790647705,mic_channel
sub-1,minimally_overt,35,33.687793410168574,mic_channel
sub-1,minimally_overt,36,34.300416860551067,mic_channel
sub-1,minimally_overt,37,33.874364138032732,mic_channel
sub-1,minimally_overt,38,33.332812668485495,mic_channel
sub-1,minimally_overt,39,32.970928187637639,mic_channel
sub-1,minimally_overt,40,33.157555129674449,mic_channel
sub-1,minimally_overt,41,34.10944433851374,mic_channel
sub-1,minimally_overt,42,33.751724096757663,mic_channel
sub-1,minimally_overt,43,33.308023451960672,mic_channel
sub-1,minimally_overt,44,33.145951738167938,mic_channel
sub-1,minimally_overt,45,33.766680606393308,mic_channel
sub-1,minimally_overt,46,33.19184002409871,mic_channel
sub-1,minimally_overt,47,32.985112574377354,mic_channel
sub-1,minimally_overt,48,34.210727507595394,mic_channel
sub-1,minimally_overt,49,33.340634686126748,mic_channel
sub-1,minimally_overt,50,33.673107965541476,mic_channel
sub-1,minimally_overt,51,33.932893838762062,mic_channel
sub-1,minimally_overt,52,33.304429842026941,mic_channel
sub-1,minimally_overt,53,33.809071890570081,mic_channel
sub-1,minimally_overt,54,34.006809544935152,mic_channel
sub-1,minimally_overt,55,33.262423775795305,mic_channel
sub-1,minimally_overt,56,33.399977455665166,mic_channel
sub-1,minimally_overt,57,33.57041979791277,mic_channel
sub-1,minimally_overt,58,33.474482362724004,mic_channel
sub-1,minimally_overt,59,33.285912526664383,mic_channel
sub-1,minimally_overt,60,33.220771229658702,mic_channel
sub-1,minimally_overt,61,33.37663010746742,mic_channel
sub-1,minimally_overt,62,34.183436314154058,mic_channel
sub-1,minimally_overt,63,33.414781583415582,mic_channel
sub-1,minimally_overt,64,33.942277849823675,mic_channel
sub-1,minimally_overt,65,33.555348751310099,mic_channel
sub-1,minimally_overt,66,33.500032261188331,mic_channel
sub-1,minimally_overt,67,33.37506422689782,mic_channel
sub-1,minimally_overt,68,34.340273973865727,mic_channel
sub-1,minimally_overt,69,33.614857923005118,mic_channel
sub-1,minimally_overt,70,34.041048112140309,mic_channel
sub-1,minimally_overt,71,33.168798531324029,mic_channel
sub-1,minimally_overt,72,33.492583028897684,mic_channel
sub-1,minimally_overt,73,33.275407339999582,mic_channel
sub-1,minimally_overt,74,33.605364192935518,mic_channel
sub-1,minimally_overt,75,33.610478300586891,mic_channel
sub-1,minimally_overt,76,33.831935105214583,mic_channel
sub-1,minimally_overt,77,34.049784382648284,mic_channel
sub-1,minimally_overt,78,34.292989783706687,mic_channel
sub-1,minimally_overt,79,33.453508802150878,mic_channel
sub-1,minimally_overt,80,33.222457742485631,mic_channel
sub-1,minimally_overt,81,33.980086718672261,mic_channel
sub-1,minimally_overt,82,33.314274199638078,mic_channel
sub-1,minimally_overt,83,33.343801155214166,mic_channel
sub-1,minimally_overt,84,34.429506647213088,mic_channel
sub-1,minimally_overt,85,33.870155639054971,mic_channel
sub-1,minimally_overt,86,33.416987944185109,mic_channel
sub-1,minimally_overt,87,32.98145517735724,mic_channel
sub-1,minimally_overt,88,34.656415701638409,mic_channel
sub-1,minimally_overt,89,33.444978706938436,mic_channel
sub-1,minimally_overt,90,33.80939106381031,mic_channel
sub-1,minimally_overt,91,33.722795056207246,mic_channel
sub-1,minimally_overt,92,33.442802446101297,mic_channel
sub-1,minimally_overt,93,33.370738527632916,mic_channel
sub-1,minimally_overt,94,34.012804367995187,mic_channel
sub-1,minimally_overt,95,33.98256402721092,mic_channel
sub-1,minimally_overt,96,34.020369689911618,mic_channel
sub-1,minimally_overt,97,33.261063628422889,mic_channel
sub-1,minimally_overt,98,33.812731736602906,mic_channel
sub-1,minimally_overt,99,34.113467791259865,mic_channel
sub-1,minimally_overt,100,32.961505625380767,mic_channel
sub-1,minimally_overt,101,33.384485848722711,mic_channel
sub-1,minimally_overt,102,33.509757168408946,mic_channel
sub-1,minimally_overt,103,33.601258828629796,mic_channel
sub-1,minimally_overt,104,33.233962924013277,mic_channel
sub-1,minimally_overt,105,33.533585038060913,mic_channel
sub-1,minimally_overt,106,33.689430077638889,mic_channel
sub-1,minimally_overt,107,33.18088347424699,mic_channel
sub-1,minimally_overt,108,32.635801950544405,mic_channel
sub-1,minimally_overt,109,33.32181808959146,mic_channel
sub-1,minimally_overt,110,32.867907693378406,mic_channel
sub-1,minimally_overt,111,33.575635037466981,mic_channel
sub-1,minimally_overt,112,33.912146791195724,mic_channel
sub-1,minimally_overt,113,33.18588289236699,mic_channel
sub-1,minimally_overt,114,33.094213549924291,mic_channel
sub-1,minimally_overt,115,33.063606312655232,mic_channel
sub-1,minimally_overt,116,33.444084066905845,mic_channel
sub-1,minimally_overt,117,33.74683278756256,mic_channel
sub-1,minimally_overt,118,33.751973405096344,mic_channel
sub-1,minimally_overt,119,34.242572264770658,mic_channel
sub-1,minimally_overt,120,32.799310738439999,mic_channel
sub-1,minimally_overt,121,33.698386264936261,mic_channel
sub-1,minimally_overt,122,33.375221533792114,mic_channel
sub-1,minimally_overt,123,33.639837098977523,mic_channel
sub-1,minimally_overt,124,33.542849540631337,mic_channel
sub-1,minimally_overt,125,33.691191960163131,mic_channel
sub-1,minimally_overt,126,33.588807904184023,mic_channel
sub-1,minimally_overt,127,32.868992114773683,mic_channel
sub-1,minimally_overt,128,33.734823839859558,mic_channel
sub-1,minimally_overt,129,33.217775380130206,mic_channel
sub-1,minimally_overt,130,33.721264804211756,mic_channel
sub-1,minimally_overt,131,33.044222059860537,mic_channel
sub-1,minimally_overt,132,33.273210196834434,mic_channel
sub-1,minimally_overt,133,33.746639590631929,mic_channel
sub-1,minimally_overt,134,33.525850312097432,mic_channel
sub-1,minimally_overt,135,33.686774166766767,mic_channel
sub-1,minimally_overt,136,33.28346622878643,mic_channel
sub-1,minimally_overt,137,33.934288755407366,mic_channel
sub-1,minimally_overt,138,33.399188770138664,mic_channel
sub-1,minimally_overt,139,33.540612363564172,mic_channel
sub-1,minimally_overt,140,34.155643947459879,mic_channel
sub-1,minimally_overt,141,33.656520180053391,mic_channel
sub-1,minimally_overt,142,33.088668936193372,mic_channel
sub-1,minimally_overt,143,32.734222533415078,mic_channel
sub-1,minimally_overt,144,33.874322873257881,mic_channel
sub-1,minimally_overt,145,32.976386660445918,mic_channel
sub-1,minimally_overt,146,33.563285700106825,mic_channel
sub-1,minimally_overt,147,33.938103101725211,mic_channel
sub-1,minimally_overt,148,33.811030092006519,mic_channel
sub-1,minimally_overt,149,33.170678546767526,mic_channel
sub-1,covert,0,46.467254446646422,mic_channel
sub-1,covert,1,34.313494252323949,mic_channel
sub-1,covert,2,34.165416191108804,mic_channel
sub-1,covert,3,34.741331418301655,mic_channel
sub-1,covert,4,33.779454799401407,mic_channel
sub-1,covert,5,34.126872922678359,mic_channel
sub-1,covert,6,33.912539107074743,mic_channel
sub-1,covert,7,35.4088436357749,mic_channel
sub-1,covert,8,34.080752701669333,mic_channel
sub-1,covert,9,33.970089392028086,mic_channel
sub-1,covert,10,33.801021386645338,mic_channel
sub-1,covert,11,33.994758370053134,mic_channel
sub-1,covert,12,34.004246463484705,mic_channel
sub-1,covert,13,33.482204703019605,mic_channel
sub-1,covert,14,34.609817592772387,mic_channel
sub-1,covert,15,34.521964940239855,mic_channel
sub-1,covert,16,33.460503529416982,mic_channel
sub-1,covert,17,34.328404889984533,mic_channel
sub-1,covert,18,33.391786365764382,mic_channel
sub-1,covert,19,34.012777616235745,mic_channel
sub-1,covert,20,33.310331461545978,mic_channel
sub-1,covert,21,33.685699487069797,mic_channel
sub-1,covert,22,34.229760710574325,mic_channel
sub-1,covert,23,34.364365502299307,mic_channel
sub-1,covert,24,33.450646508093449,mic_channel
sub-1,covert,25,34.148002204843223,mic_channel
sub-1,covert,26,33.679198121845516,mic_channel
sub-1,covert,27,33.907251317804409,mic_channel
sub-1,covert,28,33.80625918137801,mic_channel
sub-1,covert,29,34.017729542187531,mic_channel
sub-1,covert,30,33.820784791690158,mic_channel
sub-1,covert,31,34.278167526486094,mic_channel
sub-1,covert,32,34.20514662644085,mic_channel
sub-1,covert,33,33.647077126874592,mic_channel
sub-1,covert,34,33.357584334571108,mic_channel
sub-1,covert,35,34.068655369355582,mic_channel
sub-1,covert,36,34.328189359737081,mic_channel
sub-1,covert,37,34.063280353199289,mic_channel
sub-1,covert,38,33.589595839814585,mic_channel
sub-1,covert,39,34.4042544912528,mic_channel
sub-1,covert,40,33.825123503280864,mic_channel
sub-1,covert,41,34.232663753895373,mic_channel
sub-1,covert,42,34.45943983882389,mic_channel
sub-1,covert,43,34.116223145869043,mic_channel
sub-1,covert,44,33.640895457899937,mic_channel
sub-1,covert,45,34.169855257497673,mic_channel
sub-1,covert,46,34.684756160850554,mic_channel
sub-1,covert,47,34.193674437534277,mic_channel
sub-1,covert,48,33.8913529756732,mic_channel
sub-1,covert,49,33.983100145084194,mic_channel
sub-1,covert,50,34.080617557033577,mic_channel
sub-1,covert,51,33.661522055757359,mic_channel
sub-1,covert,52,33.61835439661624,mic_channel
sub-1,covert,53,34.161406984658029,mic_channel
sub-1,covert,54,33.888529820125754,mic_channel
sub-1,covert,55,33.54912217279599,mic_channel
sub-1,covert,56,33.694573255711603,mic_channel
sub-1,covert,57,33.95830949028381,mic_channel
sub-1,covert,58,34.441968724677238,mic_channel
sub-1,covert,59,33.875310319497075,mic_channel
sub-1,covert,60,34.49944024011846,mic_channel
sub-1,covert,61,33.781734780621406,mic_channel
sub-1,covert,62,33.863619975184449,mic_channel
sub-1,covert,63,33.88688957453823,mic_channel
sub-1,covert,64,33.438403678903811,mic_channel
sub-1,covert,65,33.795181574274913,mic_channel
sub-1,covert,66,33.886631787343589,mic_channel
sub-1,covert,67,34.590068098751551,mic_channel
sub-1,covert,68,33.666407584467535,mic_channel
sub-1,covert,69,34.550170324242906,mic_channel
sub-1,covert,70,33.974714466194733,mic_channel
sub-1,covert,71,34.013882971252656,mic_channel
sub-1,covert,72,33.795520816844302,mic_channel
sub-1,covert,73,34.112346150699473,mic_channel
sub-1,covert,74,33.891859882248966,mic_channel
sub-1,covert,75,33.46895948700589,mic_channel
sub-1,covert,76,33.667325568136334,mic_channel
sub-1,covert,77,33.854211858770711,mic_channel
sub-1,covert,78,36.553543449087535,mic_channel
sub-1,covert,79,33.995208284974076,mic_channel
sub-1,covert,80,34.008948445569708,mic_channel
sub-1,covert,81,33.959412788897893,mic_channel
sub-1,covert,82,34.509835826368672,mic_channel
sub-1,covert,83,33.524834390180757,mic_channel
sub-1,covert,84,33.936762007054384,mic_channel
sub-1,covert,85,34.115020060871529,mic_channel
sub-1,covert,86,34.221543887366053,mic_channel
sub-1,covert,87,33.844783268789953,mic_channel
sub-1,covert,88,34.213058837441423,mic_channel
sub-1,covert,89,34.525338795895117,mic_channel
sub-1,covert,90,35.090119813990292,mic_channel
sub-1,covert,91,34.182447627619595,mic_channel
sub-1,covert,92,34.633765948885312,mic_channel
sub-1,covert,93,33.989221227068171,mic_channel
sub-1,covert,94,34.030044008131497,mic_channel
sub-1,covert,95,44.476103860605789,mic_channel
sub-1,covert,96,33.387058777888512,mic_channel
sub-1,covert,97,33.851636509640457,mic_channel
sub-1,covert,98,33.874316563625939,mic_channel
sub-1,covert,99,34.342199308946213,mic_channel
sub-1,covert,100,34.054516458490447,mic_channel
sub-1,covert,101,33.84946890633622,mic_channel
sub-1,covert,102,33.499023722769145,mic_channel
sub-1,covert,103,33.941708794576428,mic_channel
sub-1,covert,104,34.254261063346156,mic_channel
sub-1,covert,105,33.79258060902972,mic_channel
sub-1,covert,106,34.040121067988565,mic_channel
sub-1,covert,107,33.885408159679116,mic_channel
sub-1,covert,108,34.120671442204952,mic_channel
sub-1,covert,109,34.033309356170356,mic_channel
sub-1,covert,110,33.40229111438331,mic_channel
sub-1,covert,111,34.588080952860771,mic_channel
sub-1,covert,112,33.602662598262086,mic_channel
sub-1,covert,113,34.453107430776399,mic_channel
sub-1,covert,114,34.337649002158258,mic_channel
sub-1,covert,115,34.183727130367927,mic_channel
sub-1,covert,116,33.626435251957162,mic_channel
sub-1,covert,117,34.191382932159001,mic_channel
sub-1,covert,118,34.374032489894113,mic_channel
sub-1,covert,119,34.070599759033087,mic_channel
sub-1,covert,120,33.849157071175426,mic_channel
sub-1,covert,121,33.839845530404219,mic_channel
sub-1,covert,122,34.598151905295026,mic_channel
sub-1,covert,123,38.894699618551648,mic_channel
sub-1,covert,124,36.488783743877022,mic_channel
sub-1,covert,125,33.814846434151377,mic_channel
sub-1,covert,126,34.037703792949401,mic_channel
sub-1,covert,127,33.907542543106089,mic_channel
sub-1,covert,128,33.358608850539817,mic_channel
sub-1,covert,129,33.807675557903451,mic_channel
sub-1,covert,130,33.882821731990617,mic_channel
sub-1,covert,131,34.037852174536539,mic_channel
sub-1,covert,132,33.862287386675867,mic_channel
sub-1,covert,133,34.698458308340165,mic_channel
sub-1,covert,134,38.497850739159816,mic_channel
sub-1,covert,135,37.784243501385092,mic_channel
sub-1,covert,136,37.248157579136148,mic_channel
sub-1,covert,137,33.646834939436459,mic_channel
sub-1,covert,138,34.179034564827916,mic_channel
sub-1,covert,139,37.062632113219408,mic_channel
sub-1,covert,140,39.362079866266903,mic_channel
sub-1,covert,141,33.398472232996014,mic_channel
sub-1,covert,142,33.947215293886188,mic_channel
sub-1,covert,143,34.402835991575706,mic_channel
sub-1,covert,144,33.512744384880691,mic_channel
sub-1,covert,145,36.685375026375212,mic_channel
sub-1,covert,146,37.307787184597643,mic_channel
sub-1,covert,147,34.143827204212741,mic_channel
sub-1,covert,148,33.345272858676218,mic_channel
sub-1,covert,149,33.937918182833855,mic_channel
sub-2,overt,0,57.857270968752154,mic_channel
sub-2,overt,1,59.241141695182961,mic_channel
sub-2,overt,2,59.045950181868292,mic_channel
sub-2,overt,3,57.87791654517784,mic_channel
sub-2,overt,4,58.110562065211113,mic_channel
sub-2,overt,5,59.409646212922326,mic_channel
sub-2,overt,6,59.225704840423525,mic_channel
sub-2,overt,7,62.207262507738413,mic_channel
sub-2,overt,8,59.505671813044842,mic_channel
sub-2,overt,9,61.091512493843609,mic_channel
sub-2,overt,10,60.158737110695284,mic_channel
sub-2,overt,11,60.035106144871335,mic_channel
sub-2,overt,12,58.654880939702409,mic_channel
sub-2,overt,13,59.543101118953999,mic_channel
sub-2,overt,14,62.207186181129998,mic_channel
sub-2,overt,15,62.657530310482855,mic_channel
sub-2,overt,16,60.70664262064367,mic_channel
sub-2,overt,17,60.196087704850903,mic_channel
sub-2,overt,18,63.028213955835469,mic_channel
sub-2,overt,19,60.533582282649313,mic_channel
sub-2,overt,20,59.698628893963331,mic_channel
sub-2,overt,21,59.750852145749796,mic_channel
sub-2,overt,22,60.197103113871108,mic_channel
sub-2,overt,23,59.648047592806549,mic_channel
sub-2,overt,24,60.274360780033305,mic_channel
sub-2,overt,25,59.657153222840023,mic_channel
sub-2,overt,26,58.952881758389601,mic_channel
sub-2,overt,27,62.88026245880134,mic_channel
sub-2,overt,28,61.094611560668014,mic_channel
sub-2,overt,29,60.5121114793982,mic_channel
sub-2,overt,30,60.851428817736803,mic_channel
sub-2,overt,31,60.743459247317581,mic_channel
sub-2,overt,32,63.232769159341458,mic_channel
sub-2,overt,33,60.600513733134903,mic_channel
sub-2,overt,34,61.047141084431729,mic_channel
sub-2,overt,35,61.170570692505478,mic_channel
sub-2,overt,36,59.957581434933402,mic_channel
sub-2,overt,37,63.127012851837186,mic_channel
sub-2,overt,38,61.23581085717062,mic_channel
sub-2,overt,39,60.336961538388863,mic_channel
sub-2,overt,40,62.732976023232837,mic_channel
sub-2,overt,41,63.075581358500912,mic_channel
sub-2,overt,42,63.258001170199606,mic_channel
sub-2,overt,43,61.422098681889395,mic_channel
sub-2,overt,44,61.414911755615144,mic_channel
sub-2,overt,45,61.04265024133236,mic_channel
sub-2,overt,46,59.601135273504532,mic_channel
sub-2,overt,47,63.371244058477316,mic_channel
sub-2,overt,48,64.215873098331571,mic_channel
sub-2,overt,49,61.397602448945875,mic_channel
sub-2,overt,50,60.809077883962289,mic_channel
sub-2,overt,51,60.959542863156209,mic_channel
sub-2,overt,52,60.68610943222253,mic_channel
sub-2,overt,53,61.796499839025344,mic_channel
sub-2,overt,54,63.766331789161157,mic_channel
sub-2,overt,55,61.85759110761142,mic_channel
sub-2,overt,56,60.640285587223069,mic_channel
sub-2,overt,57,64.411717298385398,mic_channel
sub-2,overt,58,60.860802030996489,mic_channel
sub-2,overt,59,63.616271443639697,mic_channel
sub-2,overt,60,62.364551573027036,mic_channel
sub-2,overt,61,60.437390355746587,mic_channel
sub-2,overt,62,61.638172681839862,mic_channel
sub-2,overt,63,60.885731361554399,mic_channel
sub-2,overt,64,60.759517460608109,mic_channel
sub-2,overt,65,60.672712117892345,mic_channel
sub-2,overt,66,63.445527792566729,mic_channel
sub-2,overt,67,61.103022324685902,mic_channel
sub-2,overt,68,61.355217741803173,mic_channel
sub-2,overt,69,61.504792646006372,mic_channel
sub-2,overt,70,61.412431175704867,mic_channel
sub-2,overt,71,63.528435757926133,mic_channel
sub-2,overt,72,61.180444514073123,mic_channel
sub-2,overt,73,61.662304064045898,mic_channel
sub-2,overt,74,62.330918102131335,mic_channel
sub-2,overt,75,64.992921544972347,mic_channel
sub-2,overt,76,65.097370928724331,mic_channel
sub-2,overt,77,62.669333643892422,mic_channel
sub-2,overt,78,61.277281365972577,mic_channel
sub-2,overt,79,61.161607895111793,mic_channel
sub-2,overt,80,62.560863092709496,mic_channel
sub-2,overt,81,61.415609183614961,mic_channel
sub-2,overt,82,63.198896880193203,mic_channel
sub-2,overt,83,61.762976074919663,mic_channel
sub-2,overt,84,61.907330278603048,mic_channel
sub-2,overt,85,62.007300301242225,mic_channel
sub-2,overt,86,61.657747336989502,mic_channel
sub-2,overt,87,62.085585264165495,mic_channel
sub-2,overt,88,65.030193202333393,mic_channel
sub-2,overt,89,62.329019835808189,mic_channel
sub-2,overt,90,61.075156545428705,mic_channel
sub-2,overt,91,61.711469796888565,mic_channel
sub-2,overt,92,62.643775133902949,mic_channel
sub-2,overt,93,64.42648302495931,mic_channel
sub-2,overt,94,62.710207982163297,mic_channel
sub-2,overt,95,62.177834102347035,mic_channel
sub-2,overt,96,61.13221710700607,mic_channel
sub-2,overt,97,64.612264465229117,mic_channel
sub-2,overt,98,62.866188058283527,mic_channel
sub-2,overt,99,61.838908896957321,mic_channel
sub-2,overt,100,56.466775422258586,mic_channel
sub-2,overt,101,59.702073890018355,mic_channel
sub-2,overt,102,57.519219227351499,mic_channel
sub-2,overt,103,57.763588795514558,mic_channel
sub-2,overt,104,60.065231926301806,mic_channel
sub-2,overt,105,60.224659640953114,mic_channel
sub-2,overt,106,61.941871042871753,mic_channel
sub-2,overt,107,59.108471057844994,mic_channel
sub-2,overt,108,61.173592824003265,mic_channel
sub-2,overt,109,61.412798904775734,mic_channel
sub-2,overt,110,61.101446358907538,mic_channel
sub-2,overt,111,59.624682094062798,mic_channel
sub-2,overt,112,64.249361497131275,mic_channel
sub-2,overt,113,60.486693787657373,mic_channel
sub-2,overt,114,61.758911650424992,mic_channel
sub-2,overt,115,63.056478236447866,mic_channel
sub-2,overt,116,59.494530439828019,mic_channel
sub-2,overt,117,60.037517086468462,mic_channel
sub-2,overt,118,63.178003812257515,mic_channel
sub-2,overt,119,63.339783395626796,mic_channel
sub-2,overt,120,62.369712188103918,mic_channel
sub-2,overt,121,61.319901803423292,mic_channel
sub-2,overt,122,63.933774622485139,mic_channel
sub-2,overt,123,64.314983356661216,mic_channel
sub-2,overt,124,61.105098302128084,mic_channel
sub-2,overt,125,62.86608997690437,mic_channel
sub-2,overt,126,62.086818689015203,mic_channel
sub-2,overt,127,62.8692634010999,mic_channel
sub-2,overt,128,64.469117140511941,mic_channel
sub-2,overt,129,65.103927124525569,mic_channel
sub-2,overt,130,60.629794754857755,mic_channel
sub-2,overt,131,61.023701186863718,mic_channel
sub-2,overt,132,60.290412079882778,mic_channel
sub-2,overt,133,63.803039973002015,mic_channel
sub-2,overt,134,64.373247348358703,mic_channel
sub-2,overt,135,65.285778485244734,mic_channel
sub-2,overt,136,62.888659565564865,mic_channel
sub-2,overt,137,61.059220455142487,mic_channel
sub-2,overt,138,61.71663767422892,mic_channel
sub-2,overt,139,63.630700019693293,mic_channel
sub-2,overt,140,60.584553448544327,mic_channel
sub-2,overt,141,62.122405228541012,mic_channel
sub-2,overt,142,64.030338142591233,mic_channel
sub-2,overt,143,60.235962829359735,mic_channel
sub-2,overt,144,61.635582506524713,mic_channel
sub-2,overt,145,61.66129484928355,mic_channel
sub-2,overt,146,64.348027775755469,mic_channel
sub-2,overt,147,60.189849649638532,mic_channel
sub-2,overt,148,59.670378964967462,mic_channel
sub-2,overt,149,63.643517340065685,mic_channel
sub-2,minimally_overt,0,34.580902969966729,mic_channel
sub-2,minimally_overt,1,34.421680583294091,mic_channel
sub-2,minimally_overt,2,34.471013477237882,mic_channel
sub-2,minimally_overt,3,35.0304541033086,mic_channel
sub-2,minimally_overt,4,34.965204345326029,mic_channel
sub-2,minimally_overt,5,34.140546381155282,mic_channel
sub-2,minimally_overt,6,33.875463729736602,mic_channel
sub-2,minimally_overt,7,34.66892718898373,mic_channel
sub-2,minimally_overt,8,34.46946319365302,mic_channel
sub-2,minimally_overt,9,34.446103976723762,mic_channel
sub-2,minimally_overt,10,35.096757305313417,mic_channel
sub-2,minimally_overt,11,35.986885163718924,mic_channel
sub-2,minimally_overt,12,34.403635398016107,mic_channel
sub-2,minimally_overt,13,34.50546441635062,mic_channel
sub-2,minimally_overt,14,35.865189795426041,mic_channel
sub-2,minimally_overt,15,34.155624384639289,mic_channel
sub-2,minimally_overt,16,35.102212333092886,mic_channel
sub-2,minimally_overt,17,35.348242111727295,mic_channel
sub-2,minimally_overt,18,34.844382111734674,mic_channel
sub-2,minimally_overt,19,34.286857463558746,mic_channel
sub-2,minimally_overt,20,34.74384348695741,mic_channel
sub-2,minimally_overt,21,34.986219554463261,mic_channel
sub-2,minimally_overt,22,34.143565513486422,mic_channel
sub-2,minimally_overt,23,34.947622092564231,mic_channel
sub-2,minimally_overt,24,35.110402509037371,mic_channel
sub-2,minimally_overt,25,35.248112988252792,mic_channel
sub-2,minimally_overt,26,34.393527615807592,mic_channel
sub-2,minimally_overt,27,34.356801242247187,mic_channel
sub-2,minimally_overt,28,35.078947191835525,mic_channel
sub-2,minimally_overt,29,35.168081122329369,mic_channel
sub-2,minimally_overt,30,34.17791657614508,mic_channel
sub-2,minimally_overt,31,35.587996402270477,mic_channel
sub-2,minimally_overt,32,35.072905742520419,mic_channel
sub-2,minimally_overt,33,35.085816203324903,mic_channel
sub-2,minimally_overt,34,35.573475168644123,mic_channel
sub-2,minimally_overt,35,35.240133759866602,mic_channel
sub-2,minimally_overt,36,34.33302247538078,mic_channel
sub-2,minimally_overt,37,34.903858210847851,mic_channel
sub-2,minimally_overt,38,34.916408401805953,mic_channel
sub-2,minimally_overt,39,35.299642164058582,mic_channel
sub-2,minimally_overt,40,34.903927404751556,mic_channel
sub-2,minimally_overt,41,34.074598221815037,mic_channel
sub-2,minimally_overt,42,35.037350076064214,mic_channel
sub-2,minimally_overt,43,35.209533142389091,mic_channel
sub-2,minimally_overt,44,34.397106537173002,mic_channel
sub-2,minimally_overt,45,35.066559852790448,mic_channel
sub-2,minimally_overt,46,34.362331735518744,mic_channel
sub-2,minimally_overt,47,34.568130758537215,mic_channel
sub-2,minimally_overt,48,34.416991529238629,mic_channel
sub-2,minimally_overt,49,34.72723591936716,mic_channel
sub-2,minimally_overt,50,34.381124771458829,mic_channel
sub-2,minimally_overt,51,35.432455126098858,mic_channel
sub-2,minimally_overt,52,34.811618330925079,mic_channel
sub-2,minimally_overt,53,34.741839206698344,mic_channel
sub-2,minimally_overt,54,34.762337817973965,mic_channel
sub-2,minimally_overt,55,34.566841342848349,mic_channel
sub-2,minimally_overt,56,35.161636705183099,mic_channel
sub-2,minimally_overt,57,34.7147373694796,mic_channel
sub-2,minimally_overt,58,35.354169192474622,mic_channel
sub-2,minimally_overt,59,35.264238469550605,mic_channel
sub-2,minimally_overt,60,35.403712983941176,mic_channel
sub-2,minimally_overt,61,35.792904354083113,mic_channel
sub-2,minimally_overt,62,34.489161702476672,mic_channel
sub-2,minimally_overt,63,34.621480085924986,mic_channel
sub-2,minimally_overt,64,35.688307627769007,mic_channel
sub-2,minimally_overt,65,35.080651943445488,mic_channel
sub-2,minimally_overt,66,34.917916988510676,mic_channel
sub-2,minimally_overt,67,35.044101570411144,mic_channel
sub-2,minimally_overt,68,34.871729391065379,mic_channel
sub-2,minimally_overt,69,34.984144992843667,mic_channel
sub-2,minimally_overt,70,34.918488913067698,mic_channel
sub-2,minimally_overt,71,34.689318394545708,mic_channel
sub-2,minimally_overt,72,35.16351832035739,mic_channel
sub-2,minimally_overt,73,34.794984055264237,mic_channel
sub-2,minimally_overt,74,35.385426492270476,mic_channel
sub-2,minimally_overt,75,35.012166068363612,mic_channel
sub-2,minimally_overt,76,34.853191032279952,mic_channel
sub-2,minimally_overt,77,34.519035929801333,mic_channel
sub-2,minimally_overt,78,35.98992800389081,mic_channel
sub-2,minimally_overt,79,34.890461255254209,mic_channel
sub-2,minimally_overt,80,34.679445667090413,mic_channel
sub-2,minimally_overt,81,34.855616620787501,mic_channel
sub-2,minimally_overt,82,35.355905001360647,mic_channel
sub-2,minimally_overt,83,35.331497161363359,mic_channel
sub-2,minimally_overt,84,34.854917381884711,mic_channel
sub-2,minimally_overt,85,34.390809977912085,mic_channel
sub-2,minimally_overt,86,35.380505614234551,mic_channel
sub-2,minimally_overt,87,34.832916116211834,mic_channel
sub-2,minimally_overt,88,34.635446558039632,mic_channel
sub-2,minimally_overt,89,35.177252421654217,mic_channel
sub-2,minimally_overt,90,35.19357397468427,mic_channel
sub-2,minimally_overt,91,34.76935002315966,mic_channel
sub-2,minimally_overt,92,34.964324653883075,mic_channel
sub-2,minimally_overt,93,35.087321597143664,mic_channel
sub-2,minimally_overt,94,33.900636696342751,mic_channel
sub-2,minimally_overt,95,35.024994798222352,mic_channel
sub-2,minimally_overt,96,35.142686920741241,mic_channel
sub-2,minimally_overt,97,34.924524138668865,mic_channel
sub-2,minimally_overt,98,34.123389231144515,mic_channel
sub-2,minimally_overt,99,35.290476349586918,mic_channel
sub-2,minimally_overt,100,34.273849987186338,mic_channel
sub-2,minimally_overt,101,34.381824943836328,mic_channel
sub-2,minimally_overt,102,34.677105189098704,mic_channel
sub-2,minimally_overt,103,34.329931392906929,mic_channel
sub-2,minimally_overt,104,34.680037684595732,mic_channel
sub-2,minimally_overt,105,34.775754849578462,mic_channel
sub-2,minimally_overt,106,33.561301999494248,mic_channel
sub-2,minimally_overt,107,34.381653480745967,mic_channel
sub-2,minimally_overt,108,34.68794411544463,mic_channel
sub-2,minimally_overt,109,34.616995787889394,mic_channel
sub-2,minimally_overt,110,34.367749345345437,mic_channel
sub-2,minimally_overt,111,34.82824948756393,mic_channel
sub-2,minimally_overt,112,34.88455300224885,mic_channel
sub-2,minimally_overt,113,34.630225103666973,mic_channel
sub-2,minimally_overt,114,33.722580688864355,mic_channel
sub-2,minimally_overt,115,34.402374735304285,mic_channel
sub-2,minimally_overt,116,34.844376405902295,mic_channel
sub-2,minimally_overt,117,34.847175697849146,mic_channel
sub-2,minimally_overt,118,34.212503548450442,mic_channel
sub-2,minimally_overt,119,34.889560101383118,mic_channel
sub-2,minimally_overt,120,34.142883630592735,mic_channel
sub-2,minimally_overt,121,33.864489205884325,mic_channel
sub-2,minimally_overt,122,34.434106931358151,mic_channel
sub-2,minimally_overt,123,34.887411432871332,mic_channel
sub-2,minimally_overt,124,34.390857432681166,mic_channel
sub-2,minimally_overt,125,33.965777501049239,mic_channel
sub-2,minimally_overt,126,34.11164332682025,mic_channel
sub-2,minimally_overt,127,34.093433643427943,mic_channel
sub-2,minimally_overt,128,34.228039576057377,mic_channel
sub-2,minimally_overt,129,33.980516835494662,mic_channel
sub-2,minimally_overt,130,34.683439246347739,mic_channel
sub-2,minimally_overt,131,33.491019181862598,mic_channel
sub-2,minimally_overt,132,34.75253721241512,mic_channel
sub-2,minimally_overt,133,34.707414831732635,mic_channel
sub-2,minimally_overt,134,35.241806616957867,mic_channel
sub-2,minimally_overt,135,34.254512552480037,mic_channel
sub-2,minimally_overt,136,34.094233998220048,mic_channel
sub-2,minimally_overt,137,34.56408185766545,mic_channel
sub-2,minimally_overt,138,34.093077682467055,mic_channel
sub-2,minimally_overt,139,34.456457049252471,mic_channel
sub-2,minimally_overt,140,34.34578123149393,mic_channel
sub-2,minimally_overt,141,34.518203029031078,mic_channel
sub-2,minimally_overt,142,34.926490903088535,mic_channel
sub-2,minimally_overt,143,34.428982291661029,mic_channel
sub-2,minimally_overt,144,33.745524401727685,mic_channel
sub-2,minimally_overt,145,34.195490955940627,mic_channel
sub-2,minimally_overt,146,33.947992077908737,mic_channel
sub-2,minimally_overt,147,34.406353496773463,mic_channel
sub-2,minimally_overt,148,35.104808232518991,mic_channel
sub-2,minimally_overt,149,34.175832855057507,mic_channel
sub-2,covert,0,34.031420840775468,mic_channel
sub-2,covert,1,33.721985180787264,mic_channel
sub-2,covert,2,34.112916031207611,mic_channel
sub-2,covert,3,33.632616704419988,mic_channel
sub-2,covert,4,33.97381189098472,mic_channel
sub-2,covert,5,33.917097750040597,mic_channel
sub-2,covert,6,34.7163222978307,mic_channel
sub-2,covert,7,33.7558414211844,mic_channel
sub-2,covert,8,34.666020203909994,mic_channel
sub-2,covert,9,33.687443320697753,mic_channel
sub-2,covert,10,34.469049784226605,mic_channel
sub-2,covert,11,34.807728492379233,mic_channel
sub-2,covert,12,34.448533363683396,mic_channel
sub-2,covert,13,34.06739173288662,mic_channel
sub-2,covert,14,33.961323688897615,mic_channel
sub-2,covert,15,33.95939408779207,mic_channel
sub-2,covert,16,34.104649480852785,mic_channel
sub-2,covert,17,34.13868722599873,mic_channel
sub-2,covert,18,34.307087750232,mic_channel
sub-2,covert,19,34.174213806459008,mic_channel
sub-2,covert,20,35.108486354420791,mic_channel
sub-2,covert,21,34.077269253097157,mic_channel
sub-2,covert,22,33.890864502244412,mic_channel
sub-2,covert,23,34.18942894375266,mic_channel
sub-2,covert,24,34.275316752065109,mic_channel
sub-2,covert,25,34.201932204044738,mic_channel
sub-2,covert,26,34.839190290555479,mic_channel
sub-2,covert,27,33.653116484264835,mic_channel
sub-2,covert,28,34.371454414627749,mic_channel
sub-2,covert,29,34.587696185641718,mic_channel
sub-2,covert,30,34.032645675241689,mic_channel
sub-2,covert,31,34.277993321437251,mic_channel
sub-2,covert,32,34.571962073738206,mic_channel
sub-2,covert,33,33.793258564745585,mic_channel
sub-2,covert,34,33.554789439758537,mic_channel
sub-2,covert,35,34.428557183070268,mic_channel
sub-2,covert,36,34.290283024860578,mic_channel
sub-2,covert,37,33.808241966204726,mic_channel
sub-2,covert,38,34.640313792333913,mic_channel
sub-2,covert,39,34.727314798341169,mic_channel
sub-2,covert,40,34.312311371566423,mic_channel
sub-2,covert,41,35.159154029266844,mic_channel
sub-2,covert,42,34.74620266697066,mic_channel
sub-2,covert,43,34.581449156692258,mic_channel
sub-2,covert,44,34.211968512177492,mic_channel
sub-2,covert,45,34.216512166413921,mic_channel
sub-2,covert,46,34.670430506192581,mic_channel
sub-2,covert,47,34.591433975369277,mic_channel
sub-2,covert,48,34.945341558855645,mic_channel
sub-2,covert,49,34.142379860936657,mic_channel
sub-2,covert,50,34.140043744464478,mic_channel
sub-2,covert,51,34.810645528889808,mic_channel
sub-2,covert,52,34.599231295490064,mic_channel
sub-2,covert,53,34.329852517095318,mic_channel
sub-2,covert,54,34.769665299952308,mic_channel
sub-2,covert,55,34.826056653862189,mic_channel
sub-2,covert,56,34.719695563237487,mic_channel
sub-2,covert,57,33.965489881019707,mic_channel
sub-2,covert,58,34.17625153935483,mic_channel
sub-2,covert,59,34.608506854467407,mic_channel
sub-2,covert,60,33.9336641309404,mic_channel
sub-2,covert,61,34.049721462241571,mic_channel
sub-2,covert,62,34.591679868689923,mic_channel
sub-2,covert,63,34.862992947013176,mic_channel
sub-2,covert,64,33.774774273416725,mic_channel
sub-2,covert,65,34.447979102537531,mic_channel
sub-2,covert,66,34.071975110525081,mic_channel
sub-2,covert,67,34.47664903421024,mic_channel
sub-2,covert,68,33.838280305278516,mic_channel
sub-2,covert,69,33.509777220943576,mic_channel
sub-2,covert,70,34.429319185835709,mic_channel
sub-2,covert,71,34.339820059578059,mic_channel
sub-2,covert,72,34.228787162621117,mic_channel
sub-2,covert,73,33.579696398021213,mic_channel
sub-2,covert,74,34.004031736831159,mic_channel
sub-2,covert,75,34.470002620356055,mic_channel
sub-2,covert,76,34.282342319068711,mic_channel
sub-2,covert,77,33.661040450536433,mic_channel
sub-2,covert,78,32.883152290617502,mic_channel
sub-2,covert,79,34.048106532538711,mic_channel
sub-2,covert,80,33.121517094247409,mic_channel
sub-2,covert,81,33.271023422334693,mic_channel
sub-2,covert,82,34.07771618439142,mic_channel
sub-2,covert,83,33.618551276666693,mic_channel
sub-2,covert,84,34.384406598091502,mic_channel
sub-2,covert,85,34.334192847607717,mic_channel
sub-2,covert,86,33.793657316111378,mic_channel
sub-2,covert,87,33.500078477472101,mic_channel
sub-2,covert,88,34.1297788968145,mic_channel
sub-2,covert,89,33.307513928004724,mic_channel
sub-2,covert,90,33.514421133448323,mic_channel
sub-2,covert,91,33.575602035333006,mic_channel
sub-2,covert,92,33.817685185017581,mic_channel
sub-2,covert,93,34.750780311508173,mic_channel
sub-2,covert,94,33.819290110086442,mic_channel
sub-2,covert,95,33.400075854374975,mic_channel
sub-2,covert,96,33.873291761406364,mic_channel
sub-2,covert,97,34.639220829994542,mic_channel
sub-2,covert,98,34.265356219067101,mic_channel
sub-2,covert,99,33.663036283754295,mic_channel
sub-2,covert,100,32.899944028220261,mic_channel
sub-2,covert,101,33.455966169336463,mic_channel
sub-2,covert,102,33.057354879035131,mic_channel
sub-2,covert,103,33.168709703915255,mic_channel
sub-2,covert,104,33.08996250254016,mic_channel
sub-2,covert,105,33.591513356412783,mic_channel
sub-2,covert,106,32.652685900761242,mic_channel
sub-2,covert,107,32.645661648268216,mic_channel
sub-2,covert,108,32.675499099481797,mic_channel
sub-2,covert,109,33.206640621006159,mic_channel
sub-2,covert,110,33.525885152312881,mic_channel
sub-2,covert,111,33.05179313324318,mic_channel
sub-2,covert,112,33.012951663302545,mic_channel
sub-2,covert,113,33.308196760925227,mic_channel
sub-2,covert,114,32.214004941794045,mic_channel
sub-2,covert,115,33.74385160388222,mic_channel
sub-2,covert,116,33.442625488756455,mic_channel
sub-2,covert,117,33.276378647520218,mic_channel
sub-2,covert,118,33.340105081719003,mic_channel
sub-2,covert,119,33.330900006683365,mic_channel
sub-2,covert,120,33.459635973504064,mic_channel
sub-2,covert,121,32.631147631641348,mic_channel
sub-2,covert,122,33.862725321179795,mic_channel
sub-2,covert,123,33.925289948245478,mic_channel
sub-2,covert,124,32.592751056083529,mic_channel
sub-2,covert,125,33.511596270486301,mic_channel
sub-2,covert,126,33.465614901348786,mic_channel
sub-2,covert,127,33.311003773792834,mic_channel
sub-2,covert,128,32.59826013967438,mic_channel
sub-2,covert,129,33.144920493869414,mic_channel
sub-2,covert,130,33.474026387392513,mic_channel
sub-2,covert,131,33.494970568019248,mic_channel
sub-2,covert,132,33.681763235368415,mic_channel
sub-2,covert,133,33.790032864670692,mic_channel
sub-2,covert,134,33.146552068055044,mic_channel
sub-2,covert,135,33.116716890531777,mic_channel
sub-2,covert,136,33.414229405821779,mic_channel
sub-2,covert,137,33.304652900322409,mic_channel
sub-2,covert,138,33.009465640812067,mic_channel
sub-2,covert,139,32.706899843715746,mic_channel
sub-2,covert,140,34.23127415460943,mic_channel
sub-2,covert,141,33.06087748259894,mic_channel
sub-2,covert,142,33.412106078222649,mic_channel
sub-2,covert,143,33.123414070787305,mic_channel
sub-2,covert,144,32.886597438197747,mic_channel
sub-2,covert,145,33.086098912419516,mic_channel
sub-2,covert,146,32.913662780039303,mic_channel
sub-2,covert,147,32.939784168343984,mic_channel
sub-2,covert,148,32.865774793851713,mic_channel
sub-2,covert,149,33.689946586177825,mic_channel
sub-3,overt,0,56.191256870955137,mic_channel
sub-3,overt,1,60.428458132154447,mic_channel
sub-3,overt,2,57.393573191744906,mic_channel
sub-3,overt,3,58.843331810463454,mic_channel
sub-3,overt,4,58.112805047794815,mic_channel
sub-3,overt,5,58.094436801583974,mic_channel
sub-3,overt,6,56.797829456465429,mic_channel
sub-3,overt,7,59.765871018125893,mic_channel
sub-3,overt,8,58.163469419266569,mic_channel
sub-3,overt,9,56.991579043869351,mic_channel
sub-3,overt,10,59.534221057526565,mic_channel
sub-3,overt,11,57.166074625945619,mic_channel
sub-3,overt,12,57.743670098843197,mic_channel
sub-3,overt,13,57.628512823299459,mic_channel
sub-3,overt,14,60.643027161026758,mic_channel
sub-3,overt,15,61.005638417542002,mic_channel
sub-3,overt,16,58.067916431264258,mic_channel
sub-3,overt,17,58.781156317865488,mic_channel
sub-3,overt,18,58.620892256864607,mic_channel
sub-3,overt,19,60.633601049576527,mic_channel
sub-3,overt,20,59.639254033465846,mic_channel
sub-3,overt,21,58.051469623937834,mic_channel
sub-3,overt,22,58.606050487932201,mic_channel
sub-3,overt,23,60.482478870804826,mic_channel
sub-3,overt,24,58.615998287208001,mic_channel
sub-3,overt,25,59.244933999995673,mic_channel
sub-3,overt,26,60.977711232511496,mic_channel
sub-3,overt,27,59.626780263351009,mic_channel
sub-3,overt,28,59.971965230246198,mic_channel
sub-3,overt,29,58.514812733877761,mic_channel
sub-3,overt,30,58.520341409213692,mic_channel
sub-3,overt,31,59.160235116675011,mic_channel
sub-3,overt,32,57.847194832419994,mic_channel
sub-3,overt,33,60.858710286619853,mic_channel
sub-3,overt,34,57.355304849591924,mic_channel
sub-3,overt,35,58.749177767821514,mic_channel
sub-3,overt,36,59.226052437537867,mic_channel
sub-3,overt,37,59.531519046744435,mic_channel
sub-3,overt,38,56.090122079418904,mic_channel
sub-3,overt,39,59.566778163691396,mic_channel
sub-3,overt,40,59.850708509733536,mic_channel
sub-3,overt,41,58.551960885828883,mic_channel
sub-3,overt,42,61.255624632780652,mic_channel
sub-3,overt,43,59.278625382785279,mic_channel
sub-3,overt,44,62.055968813052218,mic_channel
sub-3,overt,45,60.792813057327407,mic_channel
sub-3,overt,46,61.92137683449571,mic_channel
sub-3,overt,47,62.519804918948893,mic_channel
sub-3,overt,48,60.815648397903033,mic_channel
sub-3,overt,49,60.342637669605097,mic_channel
sub-3,overt,50,61.675617987623355,mic_channel
sub-3,overt,51,60.538945538491404,mic_channel
sub-3,overt,52,61.099408934937884,mic_channel
sub-3,overt,53,62.136018513553225,mic_channel
sub-3,overt,54,60.729771643752784,mic_channel
sub-3,overt,55,60.387360438899641,mic_channel
sub-3,overt,56,59.561394353508334,mic_channel
sub-3,overt,57,58.153911117468212,mic_channel
sub-3,overt,58,58.260048569164667,mic_channel
sub-3,overt,59,61.188644484177416,mic_channel
sub-3,overt,60,60.006696339571668,mic_channel
sub-3,overt,61,58.596115080252133,mic_channel
sub-3,overt,62,60.451556718502907,mic_channel
sub-3,overt,63,59.068503656486428,mic_channel
sub-3,overt,64,61.245812972162206,mic_channel
sub-3,overt,65,58.938217350673,mic_channel
sub-3,overt,66,59.407663958092776,mic_channel
sub-3,overt,67,60.40430391616497,mic_channel
sub-3,overt,68,58.374521674502773,mic_channel
sub-3,overt,69,59.495073317842262,mic_channel
sub-3,overt,70,59.094557749117222,mic_channel
sub-3,overt,71,60.985590424377506,mic_channel
sub-3,overt,72,59.082842547729626,mic_channel
sub-3,overt,73,58.904862506751797,mic_channel
sub-3,overt,74,58.894661766769232,mic_channel
sub-3,overt,75,61.047322129563412,mic_channel
sub-3,overt,76,60.907319402455364,mic_channel
sub-3,overt,77,61.701641355245158,mic_channel
sub-3,overt,78,58.763114634617679,mic_channel
sub-3,overt,79,59.139521675529537,mic_channel
sub-3,overt,80,61.206593542289724,mic_channel
sub-3,overt,81,61.199028009226211,mic_channel
sub-3,overt,82,62.083915660692568,mic_channel
sub-3,overt,83,58.918462258484588,mic_channel
sub-3,overt,84,58.562995088459445,mic_channel
sub-3,overt,85,60.095837933185962,mic_channel
sub-3,overt,86,59.633453005444956,mic_channel
sub-3,overt,87,58.30946132724381,mic_channel
sub-3,overt,88,58.15846330763685,mic_channel
sub-3,overt,89,60.97405679029125,mic_channel
sub-3,overt,90,60.274804383056548,mic_channel
sub-3,overt,91,62.053866202806418,mic_channel
sub-3,overt,92,60.105896029172605,mic_channel
sub-3,overt,93,60.516800464262197,mic_channel
sub-3,overt,94,61.326736827152232,mic_channel
sub-3,overt,95,59.66507032238389,mic_channel
sub-3,overt,96,61.433530080665392,mic_channel
sub-3,overt,97,61.273900337818382,mic_channel
sub-3,overt,98,61.65505328819674,mic_channel
sub-3,overt,99,60.039659195698221,mic_channel
sub-3,overt,100,56.571495772036599,mic_channel
sub-3,overt,101,59.892876157731713,mic_channel
sub-3,overt,102,58.81371938722954,mic_channel
sub-3,overt,103,59.757997364969427,mic_channel
sub-3,overt,104,59.997494309009383,mic_channel
sub-3,overt,105,59.185300509280438,mic_channel
sub-3,overt,106,59.773001040665918,mic_channel
sub-3,overt,107,59.559274487158106,mic_channel
sub-3,overt,108,60.576537320901735,mic_channel
sub-3,overt,109,61.21751569214068,mic_channel
sub-3,overt,110,60.55595801715026,mic_channel
sub-3,overt,111,60.202998830169278,mic_channel
sub-3,overt,112,61.197948215279538,mic_channel
sub-3,overt,113,59.403070928988114,mic_channel
sub-3,overt,114,59.111491612222146,mic_channel
sub-3,overt,115,60.75833835209103,mic_channel
sub-3,overt,116,61.953445391780555,mic_channel
sub-3,overt,117,62.102219046944903,mic_channel
sub-3,overt,118,60.542412424576568,mic_channel
sub-3,overt,119,61.016613091563258,mic_channel
sub-3,overt,120,61.078631361559701,mic_channel
sub-3,overt,121,59.872554963234045,mic_channel
sub-3,overt,122,59.73747446283096,mic_channel
sub-3,overt,123,61.003946969876729,mic_channel
sub-3,overt,124,60.177800535308549,mic_channel
sub-3,overt,125,59.491788340632723,mic_channel
sub-3,overt,126,58.334993603669403,mic_channel
sub-3,overt,127,60.008533227512004,mic_channel
sub-3,overt,128,58.993099813953918,mic_channel
sub-3,overt,129,58.804489596281577,mic_channel
sub-3,overt,130,59.364409234187356,mic_channel
sub-3,overt,131,58.823447608159796,mic_channel
sub-3,overt,132,60.656978600738341,mic_channel
sub-3,overt,133,57.961399990737789,mic_channel
sub-3,overt,134,59.100720665767639,mic_channel
sub-3,overt,135,58.992306389176427,mic_channel
sub-3,overt,136,59.21371688411989,mic_channel
sub-3,overt,137,59.433927888313676,mic_channel
sub-3,overt,138,60.450455625846203,mic_channel
sub-3,overt,139,59.79330131768414,mic_channel
sub-3,overt,140,60.836554269845251,mic_channel
sub-3,overt,141,57.766189531557259,mic_channel
sub-3,overt,142,58.61768986238981,mic_channel
sub-3,overt,143,60.311622590818345,mic_channel
sub-3,overt,144,59.116037507317898,mic_channel
sub-3,overt,145,59.693554238991517,mic_channel
sub-3,overt,146,59.049872729948603,mic_channel
sub-3,overt,147,59.240545096961036,mic_channel
sub-3,overt,148,59.6348164041353,mic_channel
sub-3,overt,149,59.661446342735125,mic_channel
sub-3,minimally_overt,0,35.25687779102924,mic_channel
sub-3,minimally_overt,1,34.299938101389095,mic_channel
sub-3,minimally_overt,2,34.451717870115715,mic_channel
sub-3,minimally_overt,3,34.211052388916059,mic_channel
sub-3,minimally_overt,4,34.13092729844945,mic_channel
sub-3,minimally_overt,5,34.440739250959197,mic_channel
sub-3,minimally_overt,6,34.700824814054286,mic_channel
sub-3,minimally_overt,7,33.929691376326126,mic_channel
sub-3,minimally_overt,8,34.908257457492347,mic_channel
sub-3,minimally_overt,9,33.987659763162718,mic_channel
sub-3,minimally_overt,10,34.074912567395096,mic_channel
sub-3,minimally_overt,11,34.359487284744198,mic_channel
sub-3,minimally_overt,12,34.085613022796359,mic_channel
sub-3,minimally_overt,13,33.810971242847238,mic_channel
sub-3,minimally_overt,14,34.200606878726674,mic_channel
sub-3,minimally_overt,15,33.947374434659721,mic_channel
sub-3,minimally_overt,16,34.527541397795027,mic_channel
sub-3,minimally_overt,17,33.962620306700643,mic_channel
sub-3,minimally_overt,18,34.306629871321256,mic_channel
sub-3,minimally_overt,19,34.745892785906449,mic_channel
sub-3,minimally_overt,20,34.472363604327327,mic_channel
sub-3,minimally_overt,21,33.726807769800054,mic_channel
sub-3,minimally_overt,22,34.208383436829763,mic_channel
sub-3,minimally_overt,23,34.30284359889172,mic_channel
sub-3,minimally_overt,24,34.846967232771647,mic_channel
sub-3,minimally_overt,25,34.242006362031027,mic_channel
sub-3,minimally_overt,26,34.715709055502735,mic_channel
sub-3,minimally_overt,27,33.906298549683697,mic_channel
sub-3,minimally_overt,28,34.250971424804391,mic_channel
sub-3,minimally_overt,29,34.19553744014501,mic_channel
sub-3,minimally_overt,30,34.102795648079599,mic_channel
sub-3,minimally_overt,31,34.047009340888508,mic_channel
sub-3,minimally_overt,32,33.729938600382454,mic_channel
sub-3,minimally_overt,33,34.863316788914865,mic_channel
sub-3,minimally_overt,34,33.829500758213655,mic_channel
sub-3,minimally_overt,35,34.719841906376971,mic_channel
sub-3,minimally_overt,36,34.501916032306113,mic_channel
sub-3,minimally_overt,37,34.32993717642281,mic_channel
sub-3,minimally_overt,38,34.043008591887848,mic_channel
sub-3,minimally_overt,39,34.060009270797877,mic_channel
sub-3,minimally_overt,40,33.9843331177686,mic_channel
sub-3,minimally_overt,41,34.288948207222646,mic_channel
sub-3,minimally_overt,42,33.925274634770744,mic_channel
sub-3,minimally_overt,43,33.946873475365649,mic_channel
sub-3,minimally_overt,44,33.765092196952367,mic_channel
sub-3,minimally_overt,45,33.242732967422668,mic_channel
sub-3,minimally_overt,46,34.606175179652368,mic_channel
sub-3,minimally_overt,47,34.275561835699889,mic_channel
sub-3,minimally_overt,48,33.726328519238265,mic_channel
sub-3,minimally_overt,49,33.895844888216644,mic_channel
sub-3,minimally_overt,50,34.953352397459504,mic_channel
sub-3,minimally_overt,51,33.746078877103535,mic_channel
sub-3,minimally_overt,52,34.43632678931607,mic_channel
sub-3,minimally_overt,53,34.119242120625984,mic_channel
sub-3,minimally_overt,54,34.254323150017825,mic_channel
sub-3,minimally_overt,55,34.134249336588383,mic_channel
sub-3,minimally_overt,56,34.087882177149304,mic_channel
sub-3,minimally_overt,57,34.475023245684334,mic_channel
sub-3,minimally_overt,58,34.537304578978556,mic_channel
sub-3,minimally_overt,59,34.246236479572076,mic_channel
sub-3,minimally_overt,60,34.14552302359656,mic_channel
sub-3,minimally_overt,61,33.465163484099634,mic_channel
sub-3,minimally_overt,62,33.752356981843505,mic_channel
sub-3,minimally_overt,63,33.790542593020419,mic_channel
sub-3,minimally_overt,64,33.924537255104667,mic_channel
sub-3,minimally_overt,65,34.371846078537502,mic_channel
sub-3,minimally_overt,66,33.894684581816492,mic_channel
sub-3,minimally_overt,67,34.009535178277133,mic_channel
sub-3,minimally_overt,68,34.115698660044799,mic_channel
sub-3,minimally_overt,69,33.513359976170044,mic_channel
sub-3,minimally_overt,70,34.23165659328621,mic_channel
sub-3,minimally_overt,71,34.360402952779566,mic_channel
sub-3,minimally_overt,72,34.291292920533408,mic_channel
sub-3,minimally_overt,73,34.238608009198906,mic_channel
sub-3,minimally_overt,74,33.763677683899274,mic_channel
sub-3,minimally_overt,75,33.64343936538824,mic_channel
sub-3,minimally_overt,76,34.036737369218436,mic_channel
sub-3,minimally_overt,77,34.373396394454417,mic_channel
sub-3,minimally_overt,78,34.247917802626318,mic_channel
sub-3,minimally_overt,79,34.095966669864154,mic_channel
sub-3,minimally_overt,80,34.213542371329709,mic_channel
sub-3,minimally_overt,81,34.399633374901001,mic_channel
sub-3,minimally_overt,82,33.892042894514368,mic_channel
sub-3,minimally_overt,83,34.158153248169469,mic_channel
sub-3,minimally_overt,84,34.188961042824644,mic_channel
sub-3,minimally_overt,85,34.7983425003722,mic_channel
sub-3,minimally_overt,86,34.108479069676093,mic_channel
sub-3,minimally_overt,87,34.52369697026117,mic_channel
sub-3,minimally_overt,88,33.675846236952459,mic_channel
sub-3,minimally_overt,89,34.217379562496298,mic_channel
sub-3,minimally_overt,90,34.155680561442324,mic_channel
sub-3,minimally_overt,91,34.454421579938789,mic_channel
sub-3,minimally_overt,92,33.966624007641528,mic_channel
sub-3,minimally_overt,93,35.053208208750611,mic_channel
sub-3,minimally_overt,94,33.831023550800516,mic_channel
sub-3,minimally_overt,95,33.452050188781129,mic_channel
sub-3,minimally_overt,96,34.72125710385076,mic_channel
sub-3,minimally_overt,97,33.842501046034904,mic_channel
sub-3,minimally_overt,98,34.403696078718994,mic_channel
sub-3,minimally_overt,99,34.668842070187871,mic_channel
sub-3,minimally_overt,100,34.392056331914233,mic_channel
sub-3,minimally_overt,101,34.072668072186524,mic_channel
sub-3,minimally_overt,102,36.695334097571866,mic_channel
sub-3,minimally_overt,103,36.798493147726873,mic_channel
sub-3,minimally_overt,104,34.035741461192174,mic_channel
sub-3,minimally_overt,105,34.991103612332061,mic_channel
sub-3,minimally_overt,106,34.972582485913271,mic_channel
sub-3,minimally_overt,107,36.069116266464022,mic_channel
sub-3,minimally_overt,108,33.949264058259821,mic_channel
sub-3,minimally_overt,109,34.213977398688449,mic_channel
sub-3,minimally_overt,110,34.511381514365162,mic_channel
sub-3,minimally_overt,111,33.622780199351276,mic_channel
sub-3,minimally_overt,112,35.176495393297422,mic_channel
sub-3,minimally_overt,113,35.720115734742748,mic_channel
sub-3,minimally_overt,114,33.811124523971664,mic_channel
sub-3,minimally_overt,115,35.197276372530403,mic_channel
sub-3,minimally_overt,116,34.643542428279829,mic_channel
sub-3,minimally_overt,117,34.20413566355947,mic_channel
sub-3,minimally_overt,118,36.445538475125275,mic_channel
sub-3,minimally_overt,119,34.080786508738264,mic_channel
sub-3,minimally_overt,120,33.617653994166943,mic_channel
sub-3,minimally_overt,121,33.857067689829236,mic_channel
sub-3,minimally_overt,122,34.848046640037211,mic_channel
sub-3,minimally_overt,123,34.175259068465664,mic_channel
sub-3,minimally_overt,124,33.696404635533618,mic_channel
sub-3,minimally_overt,125,35.791647003053427,mic_channel
sub-3,minimally_overt,126,35.116422375807083,mic_channel
sub-3,minimally_overt,127,33.935207881633744,mic_channel
sub-3,minimally_overt,128,34.372009926763923,mic_channel
sub-3,minimally_overt,129,34.253656478175074,mic_channel
sub-3,minimally_overt,130,34.177847449897357,mic_channel
sub-3,minimally_overt,131,33.65369742068637,mic_channel
sub-3,minimally_overt,132,34.154252622083703,mic_channel
sub-3,minimally_overt,133,34.273806231735442,mic_channel
sub-3,minimally_overt,134,34.678278644802909,mic_channel
sub-3,minimally_overt,135,34.118707687311186,mic_channel
sub-3,minimally_overt,136,34.265161854839363,mic_channel
sub-3,minimally_overt,137,34.054739520782718,mic_channel
sub-3,minimally_overt,138,35.070280939427974,mic_channel
sub-3,minimally_overt,139,34.391012121304612,mic_channel
sub-3,minimally_overt,140,34.23630779621886,mic_channel
sub-3,minimally_overt,141,33.577836314257581,mic_channel
sub-3,minimally_overt,142,33.802154648599206,mic_channel
sub-3,minimally_overt,143,34.214316934677527,mic_channel
sub-3,minimally_overt,144,34.075801491973245,mic_channel
sub-3,minimally_overt,145,33.143295629146593,mic_channel
sub-3,minimally_overt,146,33.379298822564444,mic_channel
sub-3,minimally_overt,147,34.671396612663976,mic_channel
sub-3,minimally_overt,148,33.359338832515775,mic_channel
sub-3,minimally_overt,149,33.75384660073906,mic_channel
sub-3,covert,0,33.289731021334859,mic_channel
sub-3,covert,1,32.803708320684692,mic_channel
sub-3,covert,2,33.779777768643704,mic_channel
sub-3,covert,3,32.823225099612557,mic_channel
sub-3,covert,4,32.616716042378812,mic_channel
sub-3,covert,5,33.359290252873897,mic_channel
sub-3,covert,6,33.275867305729051,mic_channel
sub-3,covert,7,33.187910072246403,mic_channel
sub-3,covert,8,33.12707923901074,mic_channel
sub-3,covert,9,33.523624849572514,mic_channel
sub-3,covert,10,33.51417348740965,mic_channel
sub-3,covert,11,33.25509750371068,mic_channel
sub-3,covert,12,33.32273972881265,mic_channel
sub-3,covert,13,33.343166853656804,mic_channel
sub-3,covert,14,33.621550492846978,mic_channel
sub-3,covert,15,32.918083085697411,mic_channel
sub-3,covert,16,33.505495944652097,mic_channel
sub-3,covert,17,32.669661756496829,mic_channel
sub-3,covert,18,33.282009256414071,mic_channel
sub-3,covert,19,33.397361040427,mic_channel
sub-3,covert,20,32.916664957032758,mic_channel
sub-3,covert,21,33.106412788971667,mic_channel
sub-3,covert,22,32.964073461896227,mic_channel
sub-3,covert,23,32.84793602355974,mic_channel
sub-3,covert,24,33.74516958567763,mic_channel
sub-3,covert,25,33.238476606863543,mic_channel
sub-3,covert,26,33.222505866644553,mic_channel
sub-3,covert,27,33.533251611103779,mic_channel
sub-3,covert,28,33.574406186249767,mic_channel
sub-3,covert,29,33.999289122377462,mic_channel
sub-3,covert,30,33.321963432864791,mic_channel
sub-3,covert,31,33.242507372735865,mic_channel
sub-3,covert,32,32.589310193402802,mic_channel
sub-3,covert,33,33.098966860554761,mic_channel
sub-3,covert,34,33.750557692284914,mic_channel
sub-3,covert,35,32.65411497109357,mic_channel
sub-3,covert,36,33.353333237501815,mic_channel
sub-3,covert,37,33.637141773666855,mic_channel
sub-3,covert,38,32.50763996227338,mic_channel
sub-3,covert,39,33.610571706865656,mic_channel
sub-3,covert,40,33.433209871493091,mic_channel
sub-3,covert,41,32.547310776394127,mic_channel
sub-3,covert,42,33.046605437980048,mic_channel
sub-3,covert,43,32.668963873409496,mic_channel
sub-3,covert,44,33.341568666015796,mic_channel
sub-3,covert,45,33.199274817713103,mic_channel
sub-3,covert,46,33.782951635155158,mic_channel
sub-3,covert,47,32.910612450902278,mic_channel
sub-3,covert,48,33.162604586233726,mic_channel
sub-3,covert,49,32.41820011095983,mic_channel
sub-3,covert,50,33.811697744718948,mic_channel
sub-3,covert,51,33.41756623779245,mic_channel
sub-3,covert,52,33.011126870693467,mic_channel
sub-3,covert,53,33.071513430431892,mic_channel
sub-3,covert,54,32.799202026112503,mic_channel
sub-3,covert,55,32.937634729057365,mic_channel
sub-3,covert,56,33.210332757110947,mic_channel
sub-3,covert,57,33.789831099169177,mic_channel
sub-3,covert,58,33.207989132018241,mic_channel
sub-3,covert,59,33.692982398458099,mic_channel
sub-3,covert,60,32.822273712200399,mic_channel
sub-3,covert,61,33.436380094524793,mic_channel
sub-3,covert,62,33.304999445827647,mic_channel
sub-3,covert,63,32.953923011135856,mic_channel
sub-3,covert,64,33.027950724433076,mic_channel
sub-3,covert,65,33.019032281760175,mic_channel
sub-3,covert,66,33.423946486472886,mic_channel
sub-3,covert,67,32.439588429675908,mic_channel
sub-3,covert,68,32.665590657740708,mic_channel
sub-3,covert,69,33.277658391025668,mic_channel
sub-3,covert,70,34.12296411798868,mic_channel
sub-3,covert,71,33.516595347954443,mic_channel
sub-3,covert,72,32.827106245745092,mic_channel
sub-3,covert,73,32.625033644457602,mic_channel
sub-3,covert,74,33.102203935535428,mic_channel
sub-3,covert,75,33.771642014476384,mic_channel
sub-3,covert,76,32.990314599338063,mic_channel
sub-3,covert,77,32.99376531599394,mic_channel
sub-3,covert,78,33.794101509766897,mic_channel
sub-3,covert,79,33.928591646515031,mic_channel
sub-3,covert,80,33.347667303762648,mic_channel
sub-3,covert,81,32.568122659272575,mic_channel
sub-3,covert,82,33.144040247529283,mic_channel
sub-3,covert,83,33.179565618438005,mic_channel
sub-3,covert,84,33.373765145546301,mic_channel
sub-3,covert,85,32.901595328897919,mic_channel
sub-3,covert,86,32.743165452048245,mic_channel
sub-3,covert,87,33.782598066504917,mic_channel
sub-3,covert,88,33.398925468022938,mic_channel
sub-3,covert,89,32.693784510765923,mic_channel
sub-3,covert,90,33.011924406882841,mic_channel
sub-3,covert,91,32.966179737399742,mic_channel
sub-3,covert,92,33.037466678315198,mic_channel
sub-3,covert,93,33.786893226538353,mic_channel
sub-3,covert,94,32.819399010312893,mic_channel
sub-3,covert,95,33.938390913658012,mic_channel
sub-3,covert,96,33.473475540608632,mic_channel
sub-3,covert,97,36.546406424602381,mic_channel
sub-3,covert,98,33.860747711952797,mic_channel
sub-3,covert,99,33.57383166385047,mic_channel
sub-3,covert,100,33.016418412869271,mic_channel
sub-3,covert,101,33.703923585033039,mic_channel
sub-3,covert,102,33.719991536121142,mic_channel
sub-3,covert,103,33.86919312858106,mic_channel
sub-3,covert,104,34.045577073158491,mic_channel
sub-3,covert,105,34.075078986212077,mic_channel
sub-3,covert,106,33.756935549962463,mic_channel
sub-3,covert,107,34.238493634168464,mic_channel
sub-3,covert,108,33.404591955024515,mic_channel
sub-3,covert,109,34.409226770159293,mic_channel
sub-3,covert,110,33.95959365011899,mic_channel
sub-3,covert,111,34.448970664400981,mic_channel
sub-3,covert,112,33.424726852486444,mic_channel
sub-3,covert,113,33.906225798002183,mic_channel
sub-3,covert,114,33.737832791136455,mic_channel
sub-3,covert,115,33.238992693946315,mic_channel
sub-3,covert,116,33.409191641005052,mic_channel
sub-3,covert,117,34.064660167503398,mic_channel
sub-3,covert,118,34.138740630894986,mic_channel
sub-3,covert,119,34.278042034936377,mic_channel
sub-3,covert,120,33.929150634736999,mic_channel
sub-3,covert,121,33.729772917331765,mic_channel
sub-3,covert,122,34.138785462420756,mic_channel
sub-3,covert,123,33.457108036650808,mic_channel
sub-3,covert,124,34.005829604296657,mic_channel
sub-3,covert,125,33.107313362761275,mic_channel
sub-3,covert,126,34.020552694613386,mic_channel
sub-3,covert,127,34.558286779539138,mic_channel
sub-3,covert,128,34.250408198290216,mic_channel
sub-3,covert,129,34.720527761929745,mic_channel
sub-3,covert,130,33.809147847717924,mic_channel
sub-3,covert,131,34.112082192815564,mic_channel
sub-3,covert,132,33.504861299839526,mic_channel
sub-3,covert,133,34.428731587127047,mic_channel
sub-3,covert,134,34.573238371626651,mic_channel
sub-3,covert,135,37.10974385211798,mic_channel
sub-3,covert,136,33.951716852281564,mic_channel
sub-3,covert,137,34.506839248441779,mic_channel
sub-3,covert,138,34.704907223715111,mic_channel
sub-3,covert,139,33.847499954833168,mic_channel
sub-3,covert,140,33.571746082621971,mic_channel
sub-3,covert,141,33.884181048973105,mic_channel
sub-3,covert,142,34.482858468567755,mic_channel
sub-3,covert,143,34.0364042366257,mic_channel
sub-3,covert,144,34.132887133766076,mic_channel
sub-3,covert,145,34.257400398926471,mic_channel
sub-3,covert,146,34.016135344920158,mic_channel
sub-3,covert,147,34.088058724074727,mic_channel
sub-3,covert,148,33.613184083133206,mic_channel
sub-3,covert,149,34.433844904510778,mic_channel
sub-4,overt,0,-38.342691538898961,audio_recording
sub-4,overt,1,-37.287224198444228,audio_recording
sub-4,overt,2,-37.515733685052012,audio_recording
sub-4,overt,3,-38.440149797070582,audio_recording
sub-4,overt,4,-38.294042372833587,audio_recording
sub-4,overt,5,-39.00019519167688,audio_recording
sub-4,overt,6,-36.811211387139778,audio_recording
sub-4,overt,7,-37.337681827081944,audio_recording
sub-4,overt,8,-38.915575389194345,audio_recording
sub-4,overt,9,-38.295825055976024,audio_recording
sub-4,overt,10,-38.584101704725619,audio_recording
sub-4,overt,11,-38.651545001761704,audio_recording
sub-4,overt,12,-40.974293132718444,audio_recording
sub-4,overt,13,-38.054287450417903,audio_recording
sub-4,overt,14,-38.917301065032248,audio_recording
sub-4,overt,15,-39.577128990073923,audio_recording
sub-4,overt,16,-39.584709557898123,audio_recording
sub-4,overt,17,-37.693621884886042,audio_recording
sub-4,overt,18,-37.394228645811751,audio_recording
sub-4,overt,19,-39.895520433656664,audio_recording
sub-4,overt,20,-39.47751427600744,audio_recording
sub-4,overt,21,-36.174974713204747,audio_recording
sub-4,overt,22,-40.499294918876622,audio_recording
sub-4,overt,23,-40.435269241003084,audio_recording
sub-4,overt,24,-37.198621172284085,audio_recording
sub-4,overt,25,-39.379817046213489,audio_recording
sub-4,overt,26,-38.354310068408367,audio_recording
sub-4,overt,27,-36.581645426354008,audio_recording
sub-4,overt,28,-36.985284774342915,audio_recording
sub-4,overt,29,-38.662244870785997,audio_recording
sub-4,overt,30,-41.828973079365952,audio_recording
sub-4,overt,31,-38.911413536164218,audio_recording
sub-4,overt,32,-36.582989830253851,audio_recording
sub-4,overt,33,-36.346709697168507,audio_recording
sub-4,overt,34,-36.700192409239186,audio_recording
sub-4,overt,35,-36.823132265073184,audio_recording
sub-4,overt,36,-41.12505427049269,audio_recording
sub-4,overt,37,-40.382191291876985,audio_recording
sub-4,overt,38,-37.486664815598928,audio_recording
sub-4,overt,39,-37.247668712978545,audio_recording
sub-4,overt,40,-37.177618492319851,audio_recording
sub-4,overt,41,-39.262720773420995,audio_recording
sub-4,overt,42,-39.82177601552182,audio_recording
sub-4,overt,43,-38.567197595443432,audio_recording
sub-4,overt,44,-38.162866787492085,audio_recording
sub-4,overt,45,-38.46596010021814,audio_recording
sub-4,overt,46,-38.758000944134849,audio_recording
sub-4,overt,47,-38.204968781840272,audio_recording
sub-4,overt,48,-41.486945388778366,audio_recording
sub-4,overt,49,-39.577008675435508,audio_recording
sub-4,overt,50,-41.662820241107489,audio_recording
sub-4,overt,51,-38.245465473494605,audio_recording
sub-4,overt,52,-41.954912723644611,audio_recording
sub-4,overt,53,-39.309254376862185,audio_recording
sub-4,overt,54,-39.766913215529783,audio_recording
sub-4,overt,55,-39.673425801303644,audio_recording
sub-4,overt,56,-42.418651033074212,audio_recording
sub-4,overt,57,-38.269867495850121,audio_recording
sub-4,overt,58,-41.449703756880631,audio_recording
sub-4,overt,59,-38.174717531257983,audio_recording
sub-4,overt,60,-37.180639876281901,audio_recording
sub-4,overt,61,-36.468308943376002,audio_recording
sub-4,overt,62,-36.843417179442213,audio_recording
sub-4,overt,63,-37.567179689517182,audio_recording
sub-4,overt,64,-37.960033833858255,audio_recording
sub-4,overt,65,-37.758084301664127,audio_recording
sub-4,overt,66,-38.995742561446292,audio_recording
sub-4,overt,67,-39.82375447566767,audio_recording
sub-4,overt,68,-40.402220388033989,audio_recording
sub-4,overt,69,-38.153580457913563,audio_recording
sub-4,overt,70,-39.727314710808841,audio_recording
sub-4,overt,71,-42.221829181184297,audio_recording
sub-4,overt,72,-42.920107747790013,audio_recording
sub-4,overt,73,-39.561024324005018,audio_recording
sub-4,overt,74,-39.193408049976767,audio_recording
sub-4,overt,75,-37.962972581756873,audio_recording
sub-4,overt,76,-41.078110551229287,audio_recording
sub-4,overt,77,-38.17749443009501,audio_recording
sub-4,overt,78,-38.305962160582965,audio_recording
sub-4,overt,79,-37.906371777049493,audio_recording
sub-4,overt,80,-40.37418243806836,audio_recording
sub-4,overt,81,-37.831856636717433,audio_recording
sub-4,overt,82,-38.218847555343729,audio_recording
sub-4,overt,83,-38.543235939652696,audio_recording
sub-4,overt,84,-37.32795013173935,audio_recording
sub-4,overt,85,-39.631119248193031,audio_recording
sub-4,overt,86,-37.447365784161484,audio_recording
sub-4,overt,87,-39.838855430240073,audio_recording
sub-4,overt,88,-38.125449065804155,audio_recording
sub-4,overt,89,-37.778536140786102,audio_recording
sub-4,overt,90,-39.14880332385043,audio_recording
sub-4,overt,91,-38.712464861233244,audio_recording
sub-4,overt,92,-41.521428481330886,audio_recording
sub-4,overt,93,-37.554007878322942,audio_recording
sub-4,overt,94,-39.674791671168933,audio_recording
sub-4,overt,95,-38.677367181326815,audio_recording
sub-4,overt,96,-40.576781023444219,audio_recording
sub-4,overt,97,-37.000047338550353,audio_recording
sub-4,overt,98,-39.76311969292091,audio_recording
sub-4,overt,99,-42.758125972700128,audio_recording
sub-4,overt,100,-38.930625410800332,audio_recording
sub-4,overt,101,-39.015144555463593,audio_recording
sub-4,overt,102,-39.805583042668104,audio_recording
sub-4,overt,103,-42.115088445002037,audio_recording
sub-4,overt,104,-38.032617451321514,audio_recording
sub-4,overt,105,-37.140478875101152,audio_recording
sub-4,overt,106,-38.889079651674109,audio_recording
sub-4,overt,107,-38.616995711456525,audio_recording
sub-4,overt,108,-41.093435321050322,audio_recording
sub-4,overt,109,-39.04338884905561,audio_recording
sub-4,overt,110,-36.198729177049913,audio_recording
sub-4,overt,111,-38.554131650326838,audio_recording
sub-4,overt,112,-39.814909812137373,audio_recording
sub-4,overt,113,-40.955670668997811,audio_recording
sub-4,overt,114,-37.930701790754412,audio_recording
sub-4,overt,115,-38.011995526481307,audio_recording
sub-4,overt,116,-38.030826215219435,audio_recording
sub-4,overt,117,-39.123509066848712,audio_recording
sub-4,overt,118,-38.994234133181365,audio_recording
sub-4,overt,119,-40.428788503724419,audio_recording
sub-4,overt,120,-37.769373703375244,audio_recording
sub-4,overt,121,-37.415466892389929,audio_recording
sub-4,overt,122,-39.372021907574961,audio_recording
sub-4,overt,123,-37.967529115660923,audio_recording
sub-4,overt,124,-39.913107195405082,audio_recording
sub-4,overt,125,-37.272754514174061,audio_recording
sub-4,overt,126,-36.70430583633312,audio_recording
sub-4,overt,127,-39.269332510282908,audio_recording
sub-4,overt,128,-37.340946675199078,audio_recording
sub-4,overt,129,-40.753501540324891,audio_recording
sub-4,overt,130,-38.371952879295243,audio_recording
sub-4,overt,131,-40.929385643248409,audio_recording
sub-4,overt,132,-37.823513300741531,audio_recording
sub-4,overt,133,-41.033603126266698,audio_recording
sub-4,overt,134,-37.737335529570707,audio_recording
sub-4,overt,135,-37.454058041265043,audio_recording
sub-4,overt,136,-40.469702302487399,audio_recording
sub-4,overt,137,-37.551686685475516,audio_recording
sub-4,overt,138,-40.942534484725826,audio_recording
sub-4,overt,139,-38.40216141637886,audio_recording
sub-4,overt,140,-39.406059098462315,audio_recording
sub-4,overt,141,-38.9120025905424,audio_recording
sub-4,overt,142,-37.534849582337685,audio_recording
sub-4,overt,143,-41.502051557446286,audio_recording
sub-4,overt,144,-39.040334714039687,audio_recording
sub-4,overt,145,-37.330874036505961,audio_recording
sub-4,overt,146,-40.070297090154057,audio_recording
sub-4,overt,147,-37.104353549109682,audio_recording
sub-4,overt,148,-40.80907670921809,audio_recording
sub-4,overt,149,-36.916592681984696,audio_recording
sub-4,minimally_overt,0,-52.696292716778245,audio_recording
sub-4,minimally_overt,1,-52.7126398834166,audio_recording
sub-4,minimally_overt,2,-53.053858385105443,audio_recording
sub-4,minimally_overt,3,-51.602509043140515,audio_recording
sub-4,minimally_overt,4,-52.67624410446146,audio_recording
sub-4,minimally_overt,5,-53.485615647889141,audio_recording
sub-4,minimally_overt,6,-52.71314545294203,audio_recording
sub-4,minimally_overt,7,-51.913554317622747,audio_recording
sub-4,minimally_overt,8,-52.733429458966889,audio_recording
sub-4,minimally_overt,9,-52.775568609941296,audio_recording
sub-4,minimally_overt,10,-52.614951739284606,audio_recording
sub-4,minimally_overt,11,-52.545805732445821,audio_recording
sub-4,minimally_overt,12,-51.820454040188807,audio_recording
sub-4,minimally_overt,13,-52.340549563380094,audio_recording
sub-4,minimally_overt,14,-52.062255609230967,audio_recording
sub-4,minimally_overt,15,-50.223176304002365,audio_recording
sub-4,minimally_overt,16,-52.034703950266916,audio_recording
sub-4,minimally_overt,17,-52.806955720237355,audio_recording
sub-4,minimally_overt,18,-52.796093985152879,audio_recording
sub-4,minimally_overt,19,-52.592573476847896,audio_recording
sub-4,minimally_overt,20,-52.027445793569512,audio_recording
sub-4,minimally_overt,21,-51.940993115919611,audio_recording
sub-4,minimally_overt,22,-51.201319926634454,audio_recording
sub-4,minimally_overt,23,-52.715346850564544,audio_recording
sub-4,minimally_overt,24,-52.377375930172214,audio_recording
sub-4,minimally_overt,25,-52.218386718644197,audio_recording
sub-4,minimally_overt,26,-52.30029388191317,audio_recording
sub-4,minimally_overt,27,-51.828004681178072,audio_recording
sub-4,minimally_overt,28,-49.450546216830901,audio_recording
sub-4,minimally_overt,29,-52.580198061359539,audio_recording
sub-4,minimally_overt,30,-52.165433823173196,audio_recording
sub-4,minimally_overt,31,-50.266661704801322,audio_recording
sub-4,minimally_overt,32,-51.778975741731053,audio_recording
sub-4,minimally_overt,33,-51.858529458255333,audio_recording
sub-4,minimally_overt,34,-52.133408326469059,audio_recording
sub-4,minimally_overt,35,-51.881106054056076,audio_recording
sub-4,minimally_overt,36,-51.849878224401564,audio_recording
sub-4,minimally_overt,37,-51.670252755483212,audio_recording
sub-4,minimally_overt,38,-51.688809307180833,audio_recording
sub-4,minimally_overt,39,-51.715576623319819,audio_recording
sub-4,minimally_overt,40,-51.388588618708191,audio_recording
sub-4,minimally_overt,41,-51.410989798898129,audio_recording
sub-4,minimally_overt,42,-51.756720751893795,audio_recording
sub-4,minimally_overt,43,-52.118564070666736,audio_recording
sub-4,minimally_overt,44,-51.9649764361601,audio_recording
sub-4,minimally_overt,45,-52.669018045951042,audio_recording
sub-4,minimally_overt,46,-52.084724992623968,audio_recording
sub-4,minimally_overt,47,-52.848706461513359,audio_recording
sub-4,minimally_overt,48,-52.812926241665082,audio_recording
sub-4,minimally_overt,49,-52.809179611572084,audio_recording
sub-4,minimally_overt,50,-52.953089486556735,audio_recording
sub-4,minimally_overt,51,-52.167419176634652,audio_recording
sub-4,minimally_overt,52,-51.691503867544171,audio_recording
sub-4,minimally_overt,53,-52.340073772755126,audio_recording
sub-4,minimally_overt,54,-51.939546573472128,audio_recording
sub-4,minimally_overt,55,-52.105468735657418,audio_recording
sub-4,minimally_overt,56,-51.75361139206619,audio_recording
sub-4,minimally_overt,57,-52.190598331707562,audio_recording
sub-4,minimally_overt,58,-51.943880737555965,audio_recording
sub-4,minimally_overt,59,-51.579243895900547,audio_recording
sub-4,minimally_overt,60,-51.682043779134176,audio_recording
sub-4,minimally_overt,61,-51.498273678026003,audio_recording
sub-4,minimally_overt,62,-51.873870633189483,audio_recording
sub-4,minimally_overt,63,-51.712525947966853,audio_recording
sub-4,minimally_overt,64,-51.834977894162336,audio_recording
sub-4,minimally_overt,65,-51.562424685168381,audio_recording
sub-4,minimally_overt,66,-51.524706030304458,audio_recording
sub-4,minimally_overt,67,-51.278989688741518,audio_recording
sub-4,minimally_overt,68,-51.3344602770607,audio_recording
sub-4,minimally_overt,69,-52.098233529240517,audio_recording
sub-4,minimally_overt,70,-52.207376468268734,audio_recording
sub-4,minimally_overt,71,-52.166998287726258,audio_recording
sub-4,minimally_overt,72,-52.627489875560208,audio_recording
sub-4,minimally_overt,73,-52.534684772591916,audio_recording
sub-4,minimally_overt,74,-52.303546559453409,audio_recording
sub-4,minimally_overt,75,-51.756635578654183,audio_recording
sub-4,minimally_overt,76,-51.945905584719071,audio_recording
sub-4,minimally_overt,77,-52.492145183695037,audio_recording
sub-4,minimally_overt,78,-52.410073897820965,audio_recording
sub-4,minimally_overt,79,-52.253216815325572,audio_recording
sub-4,minimally_overt,80,-52.206212112026549,audio_recording
sub-4,minimally_overt,81,-52.517813689032934,audio_recording
sub-4,minimally_overt,82,-52.196951150332069,audio_recording
sub-4,minimally_overt,83,-51.810691121023709,audio_recording
sub-4,minimally_overt,84,-50.58787325038255,audio_recording
sub-4,minimally_overt,85,-52.494165314588031,audio_recording
sub-4,minimally_overt,86,-52.05515141869693,audio_recording
sub-4,minimally_overt,87,-51.729244728026146,audio_recording
sub-4,minimally_overt,88,-51.994524833886388,audio_recording
sub-4,minimally_overt,89,-51.49601126690564,audio_recording
sub-4,minimally_overt,90,-51.38926316407273,audio_recording
sub-4,minimally_overt,91,-51.343518236983101,audio_recording
sub-4,minimally_overt,92,-51.805428680615705,audio_recording
sub-4,minimally_overt,93,-52.197148979962755,audio_recording
sub-4,minimally_overt,94,-52.245100276097659,audio_recording
sub-4,minimally_overt,95,-52.137297565127078,audio_recording
sub-4,minimally_overt,96,-50.674376825399357,audio_recording
sub-4,minimally_overt,97,-51.38604405263883,audio_recording
sub-4,minimally_overt,98,-52.294682247104895,audio_recording
sub-4,minimally_overt,99,-51.734752462154397,audio_recording
sub-4,minimally_overt,100,-51.421677019245891,audio_recording
sub-4,minimally_overt,101,-51.171172454076256,audio_recording
sub-4,minimally_overt,102,-50.788832828111815,audio_recording
sub-4,minimally_overt,103,-50.710119928315436,audio_recording
sub-4,minimally_overt,104,-51.102637341025286,audio_recording
sub-4,minimally_overt,105,-50.834695402273567,audio_recording
sub-4,minimally_overt,106,-51.142228823791228,audio_recording
sub-4,minimally_overt,107,-51.50734642785109,audio_recording
sub-4,minimally_overt,108,-50.22154107299437,audio_recording
sub-4,minimally_overt,109,-50.980004817391219,audio_recording
sub-4,minimally_overt,110,-51.117568471858824,audio_recording
sub-4,minimally_overt,111,-51.181265328056824,audio_recording
sub-4,minimally_overt,112,-51.297332158560515,audio_recording
sub-4,minimally_overt,113,-51.352565525329439,audio_recording
sub-4,minimally_overt,114,-51.238640513842618,audio_recording
sub-4,minimally_overt,115,-51.440593645348152,audio_recording
sub-4,minimally_overt,116,-50.769993308404629,audio_recording
sub-4,minimally_overt,117,-50.60871719315309,audio_recording
sub-4,minimally_overt,118,-50.175987370892436,audio_recording
sub-4,minimally_overt,119,-50.176204979065261,audio_recording
sub-4,minimally_overt,120,-50.149686033061151,audio_recording
sub-4,minimally_overt,121,-49.344470902054709,audio_recording
sub-4,minimally_overt,122,-49.578398902853756,audio_recording
sub-4,minimally_overt,123,-50.137070144194816,audio_recording
sub-4,minimally_overt,124,-50.555435953863423,audio_recording
sub-4,minimally_overt,125,-50.635116088825171,audio_recording
sub-4,minimally_overt,126,-50.428471010060896,audio_recording
sub-4,minimally_overt,127,-49.883713760549313,audio_recording
sub-4,minimally_overt,128,-50.56924114160735,audio_recording
sub-4,minimally_overt,129,-50.059252970860761,audio_recording
sub-4,minimally_overt,130,-49.207021830088294,audio_recording
sub-4,minimally_overt,131,-49.076432547584631,audio_recording
sub-4,minimally_overt,132,-50.014826483201318,audio_recording
sub-4,minimally_overt,133,-50.901987842632778,audio_recording
sub-4,minimally_overt,134,-50.105881334423998,audio_recording
sub-4,minimally_overt,135,-49.703793747732334,audio_recording
sub-4,minimally_overt,136,-43.851853191702986,audio_recording
sub-4,minimally_overt,137,-48.066986681845975,audio_recording
sub-4,minimally_overt,138,-50.27479849559289,audio_recording
sub-4,minimally_overt,139,-49.903650711928073,audio_recording
sub-4,minimally_overt,140,-50.433788839216305,audio_recording
sub-4,minimally_overt,141,-50.542624561562299,audio_recording
sub-4,minimally_overt,142,-50.171091734683976,audio_recording
sub-4,minimally_overt,143,-50.430585353128322,audio_recording
sub-4,minimally_overt,144,-50.23993575527895,audio_recording
sub-4,minimally_overt,145,-50.19355340691574,audio_recording
sub-4,minimally_overt,146,-50.084324070206243,audio_recording
sub-4,minimally_overt,147,-49.868651992463981,audio_recording
sub-4,minimally_overt,148,-50.583636830478952,audio_recording
sub-4,minimally_overt,149,-49.909512166396418,audio_recording
sub-4,covert,0,-52.855060558536863,audio_recording
sub-4,covert,1,-52.530438361713934,audio_recording
sub-4,covert,2,-52.364336191195669,audio_recording
sub-4,covert,3,-50.911790846992616,audio_recording
sub-4,covert,4,-52.599125480275092,audio_recording
sub-4,covert,5,-51.895288755535795,audio_recording
sub-4,covert,6,-52.076867981842177,audio_recording
sub-4,covert,7,-52.307018696874493,audio_recording
sub-4,covert,8,-52.50511125295224,audio_recording
sub-4,covert,9,-53.121242117053235,audio_recording
sub-4,covert,10,-52.584907086746639,audio_recording
sub-4,covert,11,-52.955795581876821,audio_recording
sub-4,covert,12,-52.672378261919192,audio_recording
sub-4,covert,13,-52.4877062749568,audio_recording
sub-4,covert,14,-52.792608275219408,audio_recording
sub-4,covert,15,-52.810506531585496,audio_recording
sub-4,covert,16,-52.407512568229755,audio_recording
sub-4,covert,17,-52.052960635139485,audio_recording
sub-4,covert,18,-51.489482971822532,audio_recording
sub-4,covert,19,-52.970334905062181,audio_recording
sub-4,covert,20,-52.12681004944875,audio_recording
sub-4,covert,21,-52.100501909000556,audio_recording
sub-4,covert,22,-52.161419635086951,audio_recording
sub-4,covert,23,-51.892217160910008,audio_recording
sub-4,covert,24,-51.589410998193173,audio_recording
sub-4,covert,25,-50.77092346715208,audio_recording
sub-4,covert,26,-50.448381306280233,audio_recording
sub-4,covert,27,-51.182561991976705,audio_recording
sub-4,covert,28,-50.904672720815626,audio_recording
sub-4,covert,29,-51.448801396324214,audio_recording
sub-4,covert,30,-51.556023947148972,audio_recording
sub-4,covert,31,-50.39789028062566,audio_recording
sub-4,covert,32,-51.14785317443831,audio_recording
sub-4,covert,33,-51.170020280994841,audio_recording
sub-4,covert,34,-50.918320247786546,audio_recording
sub-4,covert,35,-50.843021255706361,audio_recording
sub-4,covert,36,-51.452822993872751,audio_recording
sub-4,covert,37,-51.33472951495785,audio_recording
sub-4,covert,38,-51.396688496818278,audio_recording
sub-4,covert,39,-51.671658006007149,audio_recording
sub-4,covert,40,-51.462756148639613,audio_recording
sub-4,covert,41,-51.397807038518799,audio_recording
sub-4,covert,42,-51.072999879173295,audio_recording
sub-4,covert,43,-43.788830184986381,audio_recording
sub-4,covert,44,-50.620386095142038,audio_recording
sub-4,covert,45,-50.468736746071173,audio_recording
sub-4,covert,46,-51.256573661981598,audio_recording
sub-4,covert,47,-51.193807562253852,audio_recording
sub-4,covert,48,-51.39768852233064,audio_recording
sub-4,covert,49,-51.744268564119118,audio_recording
sub-4,covert,50,-51.101851440424184,audio_recording
sub-4,covert,51,-49.616911998652647,audio_recording
sub-4,covert,52,-51.04079975709621,audio_recording
sub-4,covert,53,-51.608420104467911,audio_recording
sub-4,covert,54,-51.633627236315419,audio_recording
sub-4,covert,55,-51.64948499466955,audio_recording
sub-4,covert,56,-51.223979288639967,audio_recording
sub-4,covert,57,-52.005932906248681,audio_recording
sub-4,covert,58,-51.96343256020198,audio_recording
sub-4,covert,59,-52.414754777124173,audio_recording
sub-4,covert,60,-52.049966257119493,audio_recording
sub-4,covert,61,-52.362274977683519,audio_recording
sub-4,covert,62,-52.313280504490173,audio_recording
sub-4,covert,63,-52.086592708356562,audio_recording
sub-4,covert,64,-51.912585917358143,audio_recording
sub-4,covert,65,-52.036587360204621,audio_recording
sub-4,covert,66,-52.058117464146257,audio_recording
sub-4,covert,67,-50.746431224088127,audio_recording
sub-4,covert,68,-51.699537881263936,audio_recording
sub-4,covert,69,-50.481193573884198,audio_recording
sub-4,covert,70,-51.181668554973044,audio_recording
sub-4,covert,71,-51.951203161191771,audio_recording
sub-4,covert,72,-51.898550457432762,audio_recording
sub-4,covert,73,-51.405799087326066,audio_recording
sub-4,covert,74,-51.173855914540361,audio_recording
sub-4,covert,75,-52.144648881548463,audio_recording
sub-4,covert,76,-51.90756263488386,audio_recording
sub-4,covert,77,-51.866266447274036,audio_recording
sub-4,covert,78,-50.454795427875297,audio_recording
sub-4,covert,79,-50.687025751359087,audio_recording
sub-4,covert,80,-51.439248920495885,audio_recording
sub-4,covert,81,-51.342168183122638,audio_recording
sub-4,covert,82,-52.080058636353698,audio_recording
sub-4,covert,83,-52.041608675289702,audio_recording
sub-4,covert,84,-52.813918744583589,audio_recording
sub-4,covert,85,-52.429808701621603,audio_recording
sub-4,covert,86,-51.283169728700116,audio_recording
sub-4,covert,87,-51.545402553514485,audio_recording
sub-4,covert,88,-52.030789871596319,audio_recording
sub-4,covert,89,-51.568702827576246,audio_recording
sub-4,covert,90,-50.66411153699358,audio_recording
sub-4,covert,91,-50.932774215059027,audio_recording
sub-4,covert,92,-50.792475017067694,audio_recording
sub-4,covert,93,-51.195857277109099,audio_recording
sub-4,covert,94,-51.11300999510064,audio_recording
sub-4,covert,95,-47.658760793545895,audio_recording
sub-4,covert,96,-51.331992175499458,audio_recording
sub-4,covert,97,-50.530925151694753,audio_recording
sub-4,covert,98,-51.152958081748672,audio_recording
sub-4,covert,99,-49.892500258726798,audio_recording
sub-4,covert,100,-49.478282627114638,audio_recording
sub-4,covert,101,-49.43538967582289,audio_recording
sub-4,covert,102,-49.499732251603973,audio_recording
sub-4,covert,103,-49.51237117729616,audio_recording
sub-4,covert,104,-49.180601212764628,audio_recording
sub-4,covert,105,-49.498654624747985,audio_recording
sub-4,covert,106,-49.508498852395732,audio_recording
sub-4,covert,107,-49.365168599201525,audio_recording
sub-4,covert,108,-48.887414499831451,audio_recording
sub-4,covert,109,-48.186922168990179,audio_recording
sub-4,covert,110,-48.988602468683276,audio_recording
sub-4,covert,111,-49.346884856466033,audio_recording
sub-4,covert,112,-49.03840102988417,audio_recording
sub-4,covert,113,-49.531010530732694,audio_recording
sub-4,covert,114,-49.439825922573938,audio_recording
sub-4,covert,115,-49.681497689808012,audio_recording
sub-4,covert,116,-49.565670954130781,audio_recording
sub-4,covert,117,-49.636875301180268,audio_recording
sub-4,covert,118,-49.498359268894603,audio_recording
sub-4,covert,119,-49.028506636656239,audio_recording
sub-4,covert,120,-49.18628714962945,audio_recording
sub-4,covert,121,-49.094390239776395,audio_recording
sub-4,covert,122,-49.837340219505286,audio_recording
sub-4,covert,123,-49.568930764875205,audio_recording
sub-4,covert,124,-50.228809805517074,audio_recording
sub-4,covert,125,-50.623018649500658,audio_recording
sub-4,covert,126,-50.427528524871818,audio_recording
sub-4,covert,127,-50.020248511989813,audio_recording
sub-4,covert,128,-50.532929678519025,audio_recording
sub-4,covert,129,-50.889975787470817,audio_recording
sub-4,covert,130,-50.186496653744804,audio_recording
sub-4,covert,131,-49.946545586331681,audio_recording
sub-4,covert,132,-50.752210415497842,audio_recording
sub-4,covert,133,-50.192792469151634,audio_recording
sub-4,covert,134,-50.180726819984685,audio_recording
sub-4,covert,135,-50.356669830779154,audio_recording
sub-4,covert,136,-50.158612921439257,audio_recording
sub-4,covert,137,-50.055398659281124,audio_recording
sub-4,covert,138,-49.881968272907216,audio_recording
sub-4,covert,139,-49.745449697701218,audio_recording
sub-4,covert,140,-49.146073010967626,audio_recording
sub-4,covert,141,-49.528995297269368,audio_recording
sub-4,covert,142,-49.952977207383441,audio_recording
sub-4,covert,143,-49.359973133890207,audio_recording
sub-4,covert,144,-49.838592076858589,audio_recording
sub-4,covert,145,-50.183317409522203,audio_recording
sub-4,covert,146,-49.531746435157608,audio_recording
sub-4,covert,147,-49.026853442603219,audio_recording
sub-4,covert,148,-49.27925346848518,audio_recording
sub-4,covert,149,-49.427382922920998,audio_recording
sub-5,overt,0,-36.312343579614435,audio_recording
sub-5,overt,1,-35.464468984075523,audio_recording
sub-5,overt,2,-35.273747678838319,audio_recording
sub-5,overt,3,-35.129139157759028,audio_recording
sub-5,overt,4,-34.370460277257223,audio_recording
sub-5,overt,5,-34.765996843047247,audio_recording
sub-5,overt,6,-35.556880274547503,audio_recording
sub-5,overt,7,-35.114146995542903,audio_recording
sub-5,overt,8,-37.263631693591705,audio_recording
sub-5,overt,9,-34.867163787011002,audio_recording
sub-5,overt,10,-37.876326581057704,audio_recording
sub-5,overt,11,-35.972255682845223,audio_recording
sub-5,overt,12,-34.109375421074759,audio_recording
sub-5,overt,13,-35.762785986980461,audio_recording
sub-5,overt,14,-35.207499756183779,audio_recording
sub-5,overt,15,-34.471568419332009,audio_recording
sub-5,overt,16,-35.143805325554851,audio_recording
sub-5,overt,17,-36.188413407329833,audio_recording
sub-5,overt,18,-37.502791541364395,audio_recording
sub-5,overt,19,-36.444801656969659,audio_recording
sub-5,overt,20,-34.05914683039861,audio_recording
sub-5,overt,21,-35.316502777483194,audio_recording
sub-5,overt,22,-34.932945913654009,audio_recording
sub-5,overt,23,-38.404518832811242,audio_recording
sub-5,overt,24,-37.303868948463077,audio_recording
sub-5,overt,25,-37.541022660948727,audio_recording
sub-5,overt,26,-37.369042313903165,audio_recording
sub-5,overt,27,-35.813531055027028,audio_recording
sub-5,overt,28,-33.817093022002624,audio_recording
sub-5,overt,29,-36.725458250687119,audio_recording
sub-5,overt,30,-34.5775789066209,audio_recording
sub-5,overt,31,-37.709339578807572,audio_recording
sub-5,overt,32,-34.046942835358159,audio_recording
sub-5,overt,33,-37.863015027198408,audio_recording
sub-5,overt,34,-35.653356043474588,audio_recording
sub-5,overt,35,-33.663508574593919,audio_recording
sub-5,overt,36,-36.379096105773726,audio_recording
sub-5,overt,37,-36.275139301985533,audio_recording
sub-5,overt,38,-37.596245021487263,audio_recording
sub-5,overt,39,-34.880628438954233,audio_recording
sub-5,overt,40,-35.612054942165528,audio_recording
sub-5,overt,41,-38.163516568292117,audio_recording
sub-5,overt,42,-37.743606830667375,audio_recording
sub-5,overt,43,-37.151595742659389,audio_recording
sub-5,overt,44,-34.980889006870228,audio_recording
sub-5,overt,45,-36.14694185655069,audio_recording
sub-5,overt,46,-34.299710115916533,audio_recording
sub-5,overt,47,-35.632016408528017,audio_recording
sub-5,overt,48,-35.547555400035009,audio_recording
sub-5,overt,49,-33.999066375242549,audio_recording
sub-5,overt,50,-35.608299455152121,audio_recording
sub-5,overt,51,-36.989198492658403,audio_recording
sub-5,overt,52,-36.298058355963668,audio_recording
sub-5,overt,53,-33.780156866144317,audio_recording
sub-5,overt,54,-36.042972949908105,audio_recording
sub-5,overt,55,-36.174933212013372,audio_recording
sub-5,overt,56,-36.273657152019723,audio_recording
sub-5,overt,57,-35.073178836292591,audio_recording
sub-5,overt,58,-38.01252483579438,audio_recording
sub-5,overt,59,-37.462095830869828,audio_recording
sub-5,overt,60,-34.924428743186525,audio_recording
sub-5,overt,61,-35.498073712922839,audio_recording
sub-5,overt,62,-37.898442619042015,audio_recording
sub-5,overt,63,-36.459319012419968,audio_recording
sub-5,overt,64,-36.797501401320041,audio_recording
sub-5,overt,65,-39.479585872100607,audio_recording
sub-5,overt,66,-37.348836194855096,audio_recording
sub-5,overt,67,-36.960409127721789,audio_recording
sub-5,overt,68,-37.41331488883327,audio_recording
sub-5,overt,69,-39.413237369683365,audio_recording
sub-5,overt,70,-35.821225663026887,audio_recording
sub-5,overt,71,-35.14552740012855,audio_recording
sub-5,overt,72,-36.65134890047608,audio_recording
sub-5,overt,73,-37.140631981158883,audio_recording
sub-5,overt,74,-35.434263579730754,audio_recording
sub-5,overt,75,-35.17724707627189,audio_recording
sub-5,overt,76,-34.956875602912092,audio_recording
sub-5,overt,77,-36.77596714414662,audio_recording
sub-5,overt,78,-37.214009404954275,audio_recording
sub-5,overt,79,-36.587871175205343,audio_recording
sub-5,overt,80,-36.759736153938391,audio_recording
sub-5,overt,81,-36.008959260493896,audio_recording
sub-5,overt,82,-36.816117907388943,audio_recording
sub-5,overt,83,-34.634883266069529,audio_recording
sub-5,overt,84,-34.661679465944061,audio_recording
sub-5,overt,85,-35.250690986518507,audio_recording
sub-5,overt,86,-37.176700495802557,audio_recording
sub-5,overt,87,-36.307948697533426,audio_recording
sub-5,overt,88,-36.686164878827157,audio_recording
sub-5,overt,89,-34.967487048239477,audio_recording
sub-5,overt,90,-35.741843812439726,audio_recording
sub-5,overt,91,-35.067502722931025,audio_recording
sub-5,overt,92,-37.254755250834663,audio_recording
sub-5,overt,93,-36.537582017735865,audio_recording
sub-5,overt,94,-36.559708382373728,audio_recording
sub-5,overt,95,-37.59136950240476,audio_recording
sub-5,overt,96,-33.968683300989923,audio_recording
sub-5,overt,97,-35.127149913481823,audio_recording
sub-5,overt,98,-36.132907500147738,audio_recording
sub-5,overt,99,-36.926968486236305,audio_recording
sub-5,overt,100,-36.54161854226988,audio_recording
sub-5,overt,101,-35.021152288383064,audio_recording
sub-5,overt,102,-36.317756710176312,audio_recording
sub-5,overt,103,-35.849079183037148,audio_recording
sub-5,overt,104,-35.309552879954836,audio_recording
sub-5,overt,105,-36.282680110193219,audio_recording
sub-5,overt,106,-35.314694944187231,audio_recording
sub-5,overt,107,-35.035710222768977,audio_recording
sub-5,overt,108,-35.803420647571187,audio_recording
sub-5,overt,109,-35.849658264180135,audio_recording
sub-5,overt,110,-36.26709808024394,audio_recording
sub-5,overt,111,-36.267772576319125,audio_recording
sub-5,overt,112,-34.954571343646947,audio_recording
sub-5,overt,113,-35.557481189935842,audio_recording
sub-5,overt,114,-35.397922827683367,audio_recording
sub-5,overt,115,-36.223797678946227,audio_recording
sub-5,overt,116,-35.449656962915398,audio_recording
sub-5,overt,117,-34.925691183222639,audio_recording
sub-5,overt,118,-36.397891895525966,audio_recording
sub-5,overt,119,-35.389580192346912,audio_recording
sub-5,overt,120,-34.736019074676491,audio_recording
sub-5,overt,121,-33.917510569098582,audio_recording
sub-5,overt,122,-34.388943459106684,audio_recording
sub-5,overt,123,-36.82298317753245,audio_recording
sub-5,overt,124,-36.337647114253514,audio_recording
sub-5,overt,125,-34.502055747633868,audio_recording
sub-5,overt,126,-37.024252956578373,audio_recording
sub-5,overt,127,-35.311360132750394,audio_recording
sub-5,overt,128,-35.745693520645851,audio_recording
sub-5,overt,129,-35.803205955111643,audio_recording
sub-5,overt,130,-37.021287457798898,audio_recording
sub-5,overt,131,-35.366889039011085,audio_recording
sub-5,overt,132,-34.476351610120119,audio_recording
sub-5,overt,133,-34.342626647827018,audio_recording
sub-5,overt,134,-36.134220693533848,audio_recording
sub-5,overt,135,-34.188442972032057,audio_recording
sub-5,overt,136,-34.995520191346827,audio_recording
sub-5,overt,137,-36.51808327614463,audio_recording
sub-5,overt,138,-36.595534683690801,audio_recording
sub-5,overt,139,-35.279064292852006,audio_recording
sub-5,overt,140,-34.933938380918278,audio_recording
sub-5,overt,141,-36.531567388865128,audio_recording
sub-5,overt,142,-35.364655054821405,audio_recording
sub-5,overt,143,-36.505120206087582,audio_recording
sub-5,overt,144,-34.634541144088111,audio_recording
sub-5,overt,145,-37.180600745885371,audio_recording
sub-5,overt,146,-35.751573716608377,audio_recording
sub-5,overt,147,-36.463543227099827,audio_recording
sub-5,overt,148,-34.379786135811024,audio_recording
sub-5,overt,149,-35.655079225870132,audio_recording
sub-5,minimally_overt,0,-51.564789451695518,audio_recording
sub-5,minimally_overt,1,-51.105393014449817,audio_recording
sub-5,minimally_overt,2,-53.096579947899656,audio_recording
sub-5,minimally_overt,3,-53.054994679260552,audio_recording
sub-5,minimally_overt,4,-53.504054872823488,audio_recording
sub-5,minimally_overt,5,-53.000110198016486,audio_recording
sub-5,minimally_overt,6,-52.545351538649072,audio_recording
sub-5,minimally_overt,7,-52.491180914621395,audio_recording
sub-5,minimally_overt,8,-53.144349077899641,audio_recording
sub-5,minimally_overt,9,-52.801351723401794,audio_recording
sub-5,minimally_overt,10,-52.282844522656532,audio_recording
sub-5,minimally_overt,11,-52.454701256614534,audio_recording
sub-5,minimally_overt,12,-53.127218474672041,audio_recording
sub-5,minimally_overt,13,-52.279438490091991,audio_recording
sub-5,minimally_overt,14,-53.005322792770855,audio_recording
sub-5,minimally_overt,15,-52.225781276030581,audio_recording
sub-5,minimally_overt,16,-52.002656368954817,audio_recording
sub-5,minimally_overt,17,-52.608301571779364,audio_recording
sub-5,minimally_overt,18,-52.616766707793467,audio_recording
sub-5,minimally_overt,19,-52.263592490120203,audio_recording
sub-5,minimally_overt,20,-49.885449536408679,audio_recording
sub-5,minimally_overt,21,-52.446826808747645,audio_recording
sub-5,minimally_overt,22,-52.492428639741711,audio_recording
sub-5,minimally_overt,23,-52.511780045238808,audio_recording
sub-5,minimally_overt,24,-52.667755192851331,audio_recording
sub-5,minimally_overt,25,-53.202328986201792,audio_recording
sub-5,minimally_overt,26,-52.819470302296779,audio_recording
sub-5,minimally_overt,27,-50.709841314786459,audio_recording
sub-5,minimally_overt,28,-52.21450936399475,audio_recording
sub-5,minimally_overt,29,-51.14906504835281,audio_recording
sub-5,minimally_overt,30,-52.417611342289135,audio_recording
sub-5,minimally_overt,31,-51.434516029126769,audio_recording
sub-5,minimally_overt,32,-52.465370221575142,audio_recording
sub-5,minimally_overt,33,-53.359094836350451,audio_recording
sub-5,minimally_overt,34,-52.810681573887813,audio_recording
sub-5,minimally_overt,35,-51.996767627540919,audio_recording
sub-5,minimally_overt,36,-52.485551039064397,audio_recording
sub-5,minimally_overt,37,-52.89119145569029,audio_recording
sub-5,minimally_overt,38,-51.045414241923915,audio_recording
sub-5,minimally_overt,39,-52.192079497211161,audio_recording
sub-5,minimally_overt,40,-52.075993515335583,audio_recording
sub-5,minimally_overt,41,-53.419734569814366,audio_recording
sub-5,minimally_overt,42,-53.245245510370687,audio_recording
sub-5,minimally_overt,43,-53.656677593099936,audio_recording
sub-5,minimally_overt,44,-53.280266459717225,audio_recording
sub-5,minimally_overt,45,-51.198775559610013,audio_recording
sub-5,minimally_overt,46,-52.725143845357181,audio_recording
sub-5,minimally_overt,47,-52.82356520252047,audio_recording
sub-5,minimally_overt,48,-52.603219270092737,audio_recording
sub-5,minimally_overt,49,-52.633380257380928,audio_recording
sub-5,minimally_overt,50,-52.214883215744138,audio_recording
sub-5,minimally_overt,51,-53.133577797828707,audio_recording
sub-5,minimally_overt,52,-53.66310544620552,audio_recording
sub-5,minimally_overt,53,-52.842401210005846,audio_recording
sub-5,minimally_overt,54,-52.594831427335016,audio_recording
sub-5,minimally_overt,55,-52.201703356193555,audio_recording
sub-5,minimally_overt,56,-52.011108648075179,audio_recording
sub-5,minimally_overt,57,-53.034491964078811,audio_recording
sub-5,minimally_overt,58,-53.735686612569715,audio_recording
sub-5,minimally_overt,59,-53.046141760387677,audio_recording
sub-5,minimally_overt,60,-53.179426215426695,audio_recording
sub-5,minimally_overt,61,-53.257985468913418,audio_recording
sub-5,minimally_overt,62,-52.438924674169378,audio_recording
sub-5,minimally_overt,63,-53.477790229409123,audio_recording
sub-5,minimally_overt,64,-52.75728405429858,audio_recording
sub-5,minimally_overt,65,-53.281282552033467,audio_recording
sub-5,minimally_overt,66,-53.386331848752363,audio_recording
sub-5,minimally_overt,67,-53.891847839042292,audio_recording
sub-5,minimally_overt,68,-54.033308190492654,audio_recording
sub-5,minimally_overt,69,-51.77623266068008,audio_recording
sub-5,minimally_overt,70,-52.334933172191249,audio_recording
sub-5,minimally_overt,71,-54.285324277476207,audio_recording
sub-5,minimally_overt,72,-53.313151300404563,audio_recording
sub-5,minimally_overt,73,-53.316801548295267,audio_recording
sub-5,minimally_overt,74,-53.691493079437706,audio_recording
sub-5,minimally_overt,75,-53.701745953537646,audio_recording
sub-5,minimally_overt,76,-51.70812786006951,audio_recording
sub-5,minimally_overt,77,-53.247793987699986,audio_recording
sub-5,minimally_overt,78,-53.630869832375382,audio_recording
sub-5,minimally_overt,79,-53.286864861316459,audio_recording
sub-5,minimally_overt,80,-54.04533383642913,audio_recording
sub-5,minimally_overt,81,-53.544770618733466,audio_recording
sub-5,minimally_overt,82,-53.858263734139513,audio_recording
sub-5,minimally_overt,83,-53.864152276733819,audio_recording
sub-5,minimally_overt,84,-54.043963593755819,audio_recording
sub-5,minimally_overt,85,-50.839464529743921,audio_recording
sub-5,minimally_overt,86,-53.237598534242338,audio_recording
sub-5,minimally_overt,87,-53.918328767142583,audio_recording
sub-5,minimally_overt,88,-53.282570230775526,audio_recording
sub-5,minimally_overt,89,-54.116487118756858,audio_recording
sub-5,minimally_overt,90,-54.35978010167269,audio_recording
sub-5,minimally_overt,91,-53.584632414609345,audio_recording
sub-5,minimally_overt,92,-53.863181186081619,audio_recording
sub-5,minimally_overt,93,-54.693095749671912,audio_recording
sub-5,minimally_overt,94,-53.402038504521769,audio_recording
sub-5,minimally_overt,95,-51.601935015061315,audio_recording
sub-5,minimally_overt,96,-53.434082954642179,audio_recording
sub-5,minimally_overt,97,-53.29622313629315,audio_recording
sub-5,minimally_overt,98,-51.747347070579359,audio_recording
sub-5,minimally_overt,99,-53.463984655911197,audio_recording
sub-5,minimally_overt,100,-52.5959122663035,audio_recording
sub-5,minimally_overt,101,-51.96629952016491,audio_recording
sub-5,minimally_overt,102,-52.327791270471494,audio_recording
sub-5,minimally_overt,103,-52.242605235064765,audio_recording
sub-5,minimally_overt,104,-52.315606687913004,audio_recording
sub-5,minimally_overt,105,-52.095054531122543,audio_recording
sub-5,minimally_overt,106,-52.528401619153769,audio_recording
sub-5,minimally_overt,107,-49.646019350738527,audio_recording
sub-5,minimally_overt,108,-51.418713945985019,audio_recording
sub-5,minimally_overt,109,-52.092468553704464,audio_recording
sub-5,minimally_overt,110,-52.095242517637885,audio_recording
sub-5,minimally_overt,111,-52.156930086205435,audio_recording
sub-5,minimally_overt,112,-51.830050861757968,audio_recording
sub-5,minimally_overt,113,-51.667534092677649,audio_recording
sub-5,minimally_overt,114,-47.690654377142735,audio_recording
sub-5,minimally_overt,115,-51.994624977907698,audio_recording
sub-5,minimally_overt,116,-52.234541543718571,audio_recording
sub-5,minimally_overt,117,-52.431817875528019,audio_recording
sub-5,minimally_overt,118,-51.292312358824233,audio_recording
sub-5,minimally_overt,119,-50.03506891764755,audio_recording
sub-5,minimally_overt,120,-52.020149265133611,audio_recording
sub-5,minimally_overt,121,-51.929690336816535,audio_recording
sub-5,minimally_overt,122,-51.976903940242764,audio_recording
sub-5,minimally_overt,123,-52.416381097411424,audio_recording
sub-5,minimally_overt,124,-52.012425648916022,audio_recording
sub-5,minimally_overt,125,-52.019792044127556,audio_recording
sub-5,minimally_overt,126,-51.915289226612373,audio_recording
sub-5,minimally_overt,127,-51.697422226752529,audio_recording
sub-5,minimally_overt,128,-52.416000046004967,audio_recording
sub-5,minimally_overt,129,-52.305690121172582,audio_recording
sub-5,minimally_overt,130,-51.191259260536299,audio_recording
sub-5,minimally_overt,131,-50.878157919105661,audio_recording
sub-5,minimally_overt,132,-52.322770338256383,audio_recording
sub-5,minimally_overt,133,-51.671665309916818,audio_recording
sub-5,minimally_overt,134,-51.424115651194661,audio_recording
sub-5,minimally_overt,135,-52.733746667109273,audio_recording
sub-5,minimally_overt,136,-52.707895397031521,audio_recording
sub-5,minimally_overt,137,-52.538666598955992,audio_recording
sub-5,minimally_overt,138,-52.813082247444171,audio_recording
sub-5,minimally_overt,139,-52.472783464366145,audio_recording
sub-5,minimally_overt,140,-52.93845174837881,audio_recording
sub-5,minimally_overt,141,-52.350832546782122,audio_recording
sub-5,minimally_overt,142,-52.402459716606486,audio_recording
sub-5,minimally_overt,143,-52.085775433081587,audio_recording
sub-5,minimally_overt,144,-52.277556308508451,audio_recording
sub-5,minimally_overt,145,-51.379537411272693,audio_recording
sub-5,minimally_overt,146,-52.826845172668229,audio_recording
sub-5,minimally_overt,147,-51.493895407499252,audio_recording
sub-5,minimally_overt,148,-51.890109663227122,audio_recording
sub-5,minimally_overt,149,-52.638639051268974,audio_recording
sub-5,covert,0,-54.204659117734394,audio_recording
sub-5,covert,1,-54.056796159661985,audio_recording
sub-5,covert,2,-53.276861336314575,audio_recording
sub-5,covert,3,-53.309404326441353,audio_recording
sub-5,covert,4,-53.576452739793169,audio_recording
sub-5,covert,5,-49.885419756548927,audio_recording
sub-5,covert,6,-53.36470021266792,audio_recording
sub-5,covert,7,-51.322803948787517,audio_recording
sub-5,covert,8,-53.355526831920869,audio_recording
sub-5,covert,9,-53.541566481525365,audio_recording
sub-5,covert,10,-54.355495093046521,audio_recording
sub-5,covert,11,-53.89516631972127,audio_recording
sub-5,covert,12,-53.835570977512361,audio_recording
sub-5,covert,13,-53.682647574280274,audio_recording
sub-5,covert,14,-53.760068336906272,audio_recording
sub-5,covert,15,-53.274013946177064,audio_recording
sub-5,covert,16,-53.724285481271664,audio_recording
sub-5,covert,17,-53.659481204939077,audio_recording
sub-5,covert,18,-52.694610659120571,audio_recording
sub-5,covert,19,-53.702221022915722,audio_recording
sub-5,covert,20,-53.929694808748053,audio_recording
sub-5,covert,21,-52.328108257395485,audio_recording
sub-5,covert,22,-53.144262504783576,audio_recording
sub-5,covert,23,-53.065647526160369,audio_recording
sub-5,covert,24,-53.69749052718344,audio_recording
sub-5,covert,25,-53.258041543882882,audio_recording
sub-5,covert,26,-53.898556326506139,audio_recording
sub-5,covert,27,-53.987334780216365,audio_recording
sub-5,covert,28,-52.995941374220394,audio_recording
sub-5,covert,29,-53.20654474658329,audio_recording
sub-5,covert,30,-53.598429514398809,audio_recording
sub-5,covert,31,-54.612748873241536,audio_recording
sub-5,covert,32,-53.357942444417702,audio_recording
sub-5,covert,33,-54.018248436989325,audio_recording
sub-5,covert,34,-51.26343572567319,audio_recording
sub-5,covert,35,-53.475257882511436,audio_recording
sub-5,covert,36,-53.445049409030609,audio_recording
sub-5,covert,37,-51.566218445608314,audio_recording
sub-5,covert,38,-54.090248759888262,audio_recording
sub-5,covert,39,-53.484908612909734,audio_recording
sub-5,covert,40,-52.885503398640196,audio_recording
sub-5,covert,41,-52.306724024017136,audio_recording
sub-5,covert,42,-53.627090868298581,audio_recording
sub-5,covert,43,-53.092946242294644,audio_recording
sub-5,covert,44,-53.611615861921898,audio_recording
sub-5,covert,45,-53.944227201103637,audio_recording
sub-5,covert,46,-53.560390726918442,audio_recording
sub-5,covert,47,-53.152876119858099,audio_recording
sub-5,covert,48,-53.527300768770161,audio_recording
sub-5,covert,49,-53.161024339587378,audio_recording
sub-5,covert,50,-52.73536540651191,audio_recording
sub-5,covert,51,-51.504938953471211,audio_recording
sub-5,covert,52,-53.200040324162856,audio_recording
sub-5,covert,53,-52.106958324703129,audio_recording
sub-5,covert,54,-52.890594623300146,audio_recording
sub-5,covert,55,-54.062437806243011,audio_recording
sub-5,covert,56,-52.894646165963977,audio_recording
sub-5,covert,57,-53.873995319003015,audio_recording
sub-5,covert,58,-53.845298271663864,audio_recording
sub-5,covert,59,-54.322766664134178,audio_recording
sub-5,covert,60,-54.012860452956239,audio_recording
sub-5,covert,61,-54.06170559565615,audio_recording
sub-5,covert,62,-53.334960479789544,audio_recording
sub-5,covert,63,-54.262061512766977,audio_recording
sub-5,covert,64,-53.653042495645877,audio_recording
sub-5,covert,65,-53.629424729380617,audio_recording
sub-5,covert,66,-52.701452380844373,audio_recording
sub-5,covert,67,-54.15662515860425,audio_recording
sub-5,covert,68,-54.359994088314153,audio_recording
sub-5,covert,69,-53.56249452535679,audio_recording
sub-5,covert,70,-52.95839626910066,audio_recording
sub-5,covert,71,-52.443171938376963,audio_recording
sub-5,covert,72,-49.372001551948742,audio_recording
sub-5,covert,73,-53.659145585636423,audio_recording
sub-5,covert,74,-53.950392198277981,audio_recording
sub-5,covert,75,-54.366700821454359,audio_recording
sub-5,covert,76,-53.632802785988829,audio_recording
sub-5,covert,77,-52.731032810958368,audio_recording
sub-5,covert,78,-51.733671207828536,audio_recording
sub-5,covert,79,-51.472837097293223,audio_recording
sub-5,covert,80,-53.143853548250171,audio_recording
sub-5,covert,81,-53.671320019842369,audio_recording
sub-5,covert,82,-53.835435902659476,audio_recording
sub-5,covert,83,-53.603729155664503,audio_recording
sub-5,covert,84,-53.970475834868246,audio_recording
sub-5,covert,85,-53.794234417364606,audio_recording
sub-5,covert,86,-53.889297642972245,audio_recording
sub-5,covert,87,-53.809251467370203,audio_recording
sub-5,covert,88,-53.817850721346339,audio_recording
sub-5,covert,89,-53.692894634770646,audio_recording
sub-5,covert,90,-53.141093411505651,audio_recording
sub-5,covert,91,-53.841047182095707,audio_recording
sub-5,covert,92,-52.099046745971663,audio_recording
sub-5,covert,93,-54.042180829992439,audio_recording
sub-5,covert,94,-53.547395957914176,audio_recording
sub-5,covert,95,-53.527728656131494,audio_recording
sub-5,covert,96,-53.284989233865687,audio_recording
sub-5,covert,97,-53.921140158626756,audio_recording
sub-5,covert,98,-50.472928976344797,audio_recording
sub-5,covert,99,-53.847207827456415,audio_recording
sub-5,covert,100,-53.062614938782161,audio_recording
sub-5,covert,101,-53.174790368458801,audio_recording
sub-5,covert,102,-52.950037549594519,audio_recording
sub-5,covert,103,-52.567141642153814,audio_recording
sub-5,covert,104,-52.955159919462758,audio_recording
sub-5,covert,105,-51.587080359411239,audio_recording
sub-5,covert,106,-51.522598400631928,audio_recording
sub-5,covert,107,-50.758544206672028,audio_recording
sub-5,covert,108,-52.446876532440854,audio_recording
sub-5,covert,109,-52.757854962952869,audio_recording
sub-5,covert,110,-52.633032801517452,audio_recording
sub-5,covert,111,-52.757130718592606,audio_recording
sub-5,covert,112,-53.002199326112937,audio_recording
sub-5,covert,113,-53.686594982283836,audio_recording
sub-5,covert,114,-53.333518346699925,audio_recording
sub-5,covert,115,-53.438606975564035,audio_recording
sub-5,covert,116,-53.062251877880335,audio_recording
sub-5,covert,117,-52.950623950784788,audio_recording
sub-5,covert,118,-53.502495236320236,audio_recording
sub-5,covert,119,-53.281158338787314,audio_recording
sub-5,covert,120,-53.002508720109859,audio_recording
sub-5,covert,121,-52.626223595478564,audio_recording
sub-5,covert,122,-52.932222014976801,audio_recording
sub-5,covert,123,-50.536201703622282,audio_recording
sub-5,covert,124,-52.436393422411399,audio_recording
sub-5,covert,125,-52.011172491044775,audio_recording
sub-5,covert,126,-53.289830622937913,audio_recording
sub-5,covert,127,-52.811761150463468,audio_recording
sub-5,covert,128,-52.599848561631681,audio_recording
sub-5,covert,129,-52.96107680725909,audio_recording
sub-5,covert,130,-52.92307930490027,audio_recording
sub-5,covert,131,-53.236082288260135,audio_recording
sub-5,covert,132,-52.599292207577292,audio_recording
sub-5,covert,133,-53.065560471747702,audio_recording
sub-5,covert,134,-53.091296587970675,audio_recording
sub-5,covert,135,-52.39338219741488,audio_recording
sub-5,covert,136,-52.819159031095225,audio_recording
sub-5,covert,137,-53.173499240812127,audio_recording
sub-5,covert,138,-51.808513926994088,audio_recording
sub-5,covert,139,-52.7592877857576,audio_recording
sub-5,covert,140,-52.871885583435827,audio_recording
sub-5,covert,141,-52.601401971553535,audio_recording
sub-5,covert,142,-51.36082817813795,audio_recording
sub-5,covert,143,-49.695426371048612,audio_recording
sub-5,covert,144,-52.690285011852993,audio_recording
sub-5,covert,145,-52.852264726941051,audio_recording
sub-5,covert,146,-52.319962158306851,audio_recording
sub-5,covert,147,-52.506987643187912,audio_recording
sub-5,covert,148,-52.526033751264613,audio_recording
sub-5,covert,149,-52.708520514648036,audio_recording
sub-6,overt,0,-43.057295779188948,audio_recording
sub-6,overt,1,-42.046504367002704,audio_recording
sub-6,overt,2,-42.18804001147528,audio_recording
sub-6,overt,3,-38.087143315122638,audio_recording
sub-6,overt,4,-41.701083978757488,audio_recording
sub-6,overt,5,-39.937099104422792,audio_recording
sub-6,overt,6,-36.783654866094579,audio_recording
sub-6,overt,7,-37.102033911796376,audio_recording
sub-6,overt,8,-37.78204438590182,audio_recording
sub-6,overt,9,-37.896171884277507,audio_recording
sub-6,overt,10,-38.993141956375332,audio_recording
sub-6,overt,11,-39.502363681209332,audio_recording
sub-6,overt,12,-37.229310543517599,audio_recording
sub-6,overt,13,-38.678526804048929,audio_recording
sub-6,overt,14,-36.32563862762435,audio_recording
sub-6,overt,15,-34.834755013232247,audio_recording
sub-6,overt,16,-37.849242496370998,audio_recording
sub-6,overt,17,-35.47835503198435,audio_recording
sub-6,overt,18,-38.293299133739566,audio_recording
sub-6,overt,19,-35.230417399331117,audio_recording
sub-6,overt,20,-35.393555659916728,audio_recording
sub-6,overt,21,-33.991122782779627,audio_recording
sub-6,overt,22,-38.28697106068757,audio_recording
sub-6,overt,23,-36.253850131467431,audio_recording
sub-6,overt,24,-36.5028797299411,audio_recording
sub-6,overt,25,-40.088939780940642,audio_recording
sub-6,overt,26,-37.752078645859903,audio_recording
sub-6,overt,27,-35.830178476234266,audio_recording
sub-6,overt,28,-35.721928551907666,audio_recording
sub-6,overt,29,-36.065434830794786,audio_recording
sub-6,overt,30,-37.729576258565189,audio_recording
sub-6,overt,31,-35.853536985182586,audio_recording
sub-6,overt,32,-35.987818752154205,audio_recording
sub-6,overt,33,-34.913444516883658,audio_recording
sub-6,overt,34,-34.919442605086275,audio_recording
sub-6,overt,35,-38.339222982802163,audio_recording
sub-6,overt,36,-34.419655886924374,audio_recording
sub-6,overt,37,-34.956364213011483,audio_recording
sub-6,overt,38,-35.104193368414066,audio_recording
sub-6,overt,39,-36.792008550380196,audio_recording
sub-6,overt,40,-34.57353497636241,audio_recording
sub-6,overt,41,-36.251910122114083,audio_recording
sub-6,overt,42,-34.789541304125905,audio_recording
sub-6,overt,43,-36.58822793715909,audio_recording
sub-6,overt,44,-34.791825492631446,audio_recording
sub-6,overt,45,-38.312903684747383,audio_recording
sub-6,overt,46,-34.046655774585957,audio_recording
sub-6,overt,47,-35.127018175810619,audio_recording
sub-6,overt,48,-35.58778533202107,audio_recording
sub-6,overt,49,-34.927891677526191,audio_recording
sub-6,overt,50,-33.917936241928558,audio_recording
sub-6,overt,51,-35.857547116228034,audio_recording
sub-6,overt,52,-34.636794741125975,audio_recording
sub-6,overt,53,-35.70689672866682,audio_recording
sub-6,overt,54,-34.833889653863764,audio_recording
sub-6,overt,55,-34.895151837971362,audio_recording
sub-6,overt,56,-34.511615828079094,audio_recording
sub-6,overt,57,-35.150399871650578,audio_recording
sub-6,overt,58,-35.750547206752756,audio_recording
sub-6,overt,59,-35.526385935076874,audio_recording
sub-6,overt,60,-34.182245415326562,audio_recording
sub-6,overt,61,-34.34242389785301,audio_recording
sub-6,overt,62,-34.311622893134142,audio_recording
sub-6,overt,63,-36.185632921737756,audio_recording
sub-6,overt,64,-34.809426825212256,audio_recording
sub-6,overt,65,-37.047481984008954,audio_recording
sub-6,overt,66,-33.653886121751292,audio_recording
sub-6,overt,67,-35.475973134848147,audio_recording
sub-6,overt,68,-33.508058130013254,audio_recording
sub-6,overt,69,-36.215753086820428,audio_recording
sub-6,overt,70,-34.489484587576236,audio_recording
sub-6,overt,71,-36.157666930754651,audio_recording
sub-6,overt,72,-33.799020285004495,audio_recording
sub-6,overt,73,-34.387194026863554,audio_recording
sub-6,overt,74,-35.366742007457646,audio_recording
sub-6,overt,75,-34.816486537190968,audio_recording
sub-6,overt,76,-34.589142634879749,audio_recording
sub-6,overt,77,-34.986418567585488,audio_recording
sub-6,overt,78,-34.033516724924873,audio_recording
sub-6,overt,79,-33.159728965725563,audio_recording
sub-6,overt,80,-32.93910053916801,audio_recording
sub-6,overt,81,-34.172950890892182,audio_recording
sub-6,overt,82,-33.95472684727585,audio_recording
sub-6,overt,83,-34.626123936054775,audio_recording
sub-6,overt,84,-35.419043663495856,audio_recording
sub-6,overt,85,-33.586636357300385,audio_recording
sub-6,overt,86,-34.043298133333231,audio_recording
sub-6,overt,87,-35.31120034420033,audio_recording
sub-6,overt,88,-34.183699387684733,audio_recording
sub-6,overt,89,-33.868503531991216,audio_recording
sub-6,overt,90,-33.422156081281436,audio_recording
sub-6,overt,91,-35.220761895499059,audio_recording
sub-6,overt,92,-33.749438540746688,audio_recording
sub-6,overt,93,-33.817290732208136,audio_recording
sub-6,overt,94,-35.127090848157266,audio_recording
sub-6,overt,95,-34.67373389767117,audio_recording
sub-6,overt,96,-35.147234449280283,audio_recording
sub-6,overt,97,-34.601500815318303,audio_recording
sub-6,overt,98,-34.029178543919549,audio_recording
sub-6,overt,99,-34.666656275584728,audio_recording
sub-6,overt,100,-40.17746794494947,audio_recording
sub-6,overt,101,-34.519198724734665,audio_recording
sub-6,overt,102,-38.00665271726826,audio_recording
sub-6,overt,103,-46.208787202966576,audio_recording
sub-6,overt,104,-40.148040910017642,audio_recording
sub-6,overt,105,-34.630676658277231,audio_recording
sub-6,overt,106,-35.635653400314425,audio_recording
sub-6,overt,107,-36.485819268290847,audio_recording
sub-6,overt,108,-33.919041148954541,audio_recording
sub-6,overt,109,-35.673787939025658,audio_recording
sub-6,overt,110,-38.866295961080326,audio_recording
sub-6,overt,111,-37.514350692968961,audio_recording
sub-6,overt,112,-37.225558367090571,audio_recording
sub-6,overt,113,-36.397929510342749,audio_recording
sub-6,overt,114,-36.968455661042547,audio_recording
sub-6,overt,115,-37.099972086046328,audio_recording
sub-6,overt,116,-38.852727100425696,audio_recording
sub-6,overt,117,-37.025552798939927,audio_recording
sub-6,overt,118,-37.447353446740287,audio_recording
sub-6,overt,119,-36.943280076791524,audio_recording
sub-6,overt,120,-33.924027454564516,audio_recording
sub-6,overt,121,-34.429672527237003,audio_recording
sub-6,overt,122,-33.638286697422096,audio_recording
sub-6,overt,123,-34.469160603855336,audio_recording
sub-6,overt,124,-35.456315222946841,audio_recording
sub-6,overt,125,-35.533110444246624,audio_recording
sub-6,overt,126,-34.923408318696836,audio_recording
sub-6,overt,127,-35.758971474063699,audio_recording
sub-6,overt,128,-35.826834767374422,audio_recording
sub-6,overt,129,-33.514290649997385,audio_recording
sub-6,overt,130,-36.363807736532564,audio_recording
sub-6,overt,131,-35.661035408762515,audio_recording
sub-6,overt,132,-34.181330708948337,audio_recording
sub-6,overt,133,-34.814845219387706,audio_recording
sub-6,overt,134,-37.941806533362545,audio_recording
sub-6,overt,135,-33.800021859087714,audio_recording
sub-6,overt,136,-35.419024189388693,audio_recording
sub-6,overt,137,-35.594563983721571,audio_recording
sub-6,overt,138,-33.834462610897177,audio_recording
sub-6,overt,139,-34.35095187267752,audio_recording
sub-6,overt,140,-36.02247424034266,audio_recording
sub-6,overt,141,-36.511637184224675,audio_recording
sub-6,overt,142,-34.426875451729288,audio_recording
sub-6,overt,143,-35.015229004926482,audio_recording
sub-6,overt,144,-33.938737596852512,audio_recording
sub-6,overt,145,-35.882946954290929,audio_recording
sub-6,overt,146,-35.197793574529271,audio_recording
sub-6,overt,147,-35.293436345081503,audio_recording
sub-6,overt,148,-35.693462208200593,audio_recording
sub-6,overt,149,-35.066084266241575,audio_recording
sub-6,minimally_overt,0,-50.727262972137225,audio_recording
sub-6,minimally_overt,1,-50.825668764247084,audio_recording
sub-6,minimally_overt,2,-50.907175360005787,audio_recording
sub-6,minimally_overt,3,-50.667875523587021,audio_recording
sub-6,minimally_overt,4,-51.243057521179267,audio_recording
sub-6,minimally_overt,5,-51.85897025245005,audio_recording
sub-6,minimally_overt,6,-51.14030363946334,audio_recording
sub-6,minimally_overt,7,-51.024897685473171,audio_recording
sub-6,minimally_overt,8,-49.987382742426917,audio_recording
sub-6,minimally_overt,9,-50.979108640391082,audio_recording
sub-6,minimally_overt,10,-51.554226761770138,audio_recording
sub-6,minimally_overt,11,-50.597544775695603,audio_recording
sub-6,minimally_overt,12,-51.554345754262755,audio_recording
sub-6,minimally_overt,13,-51.618925608365444,audio_recording
sub-6,minimally_overt,14,-51.91653213000869,audio_recording
sub-6,minimally_overt,15,-51.509017429981419,audio_recording
sub-6,minimally_overt,16,-51.569365432086627,audio_recording
sub-6,minimally_overt,17,-51.387688312598968,audio_recording
sub-6,minimally_overt,18,-51.929771885586831,audio_recording
sub-6,minimally_overt,19,-51.594324685995403,audio_recording
sub-6,minimally_overt,20,-51.715360985303036,audio_recording
sub-6,minimally_overt,21,-51.214811856381658,audio_recording
sub-6,minimally_overt,22,-51.484028365067225,audio_recording
sub-6,minimally_overt,23,-51.409978021983825,audio_recording
sub-6,minimally_overt,24,-51.842894004784938,audio_recording
sub-6,minimally_overt,25,-50.653689126393971,audio_recording
sub-6,minimally_overt,26,-50.937719831581603,audio_recording
sub-6,minimally_overt,27,-51.718611982344072,audio_recording
sub-6,minimally_overt,28,-51.661423809284841,audio_recording
sub-6,minimally_overt,29,-51.30623363187064,audio_recording
sub-6,minimally_overt,30,-51.359672527239908,audio_recording
sub-6,minimally_overt,31,-51.164514656804926,audio_recording
sub-6,minimally_overt,32,-51.033178751670818,audio_recording
sub-6,minimally_overt,33,-51.373314978157595,audio_recording
sub-6,minimally_overt,34,-50.850861549880776,audio_recording
sub-6,minimally_overt,35,-51.23058321193065,audio_recording
sub-6,minimally_overt,36,-50.160710939700742,audio_recording
sub-6,minimally_overt,37,-50.461438677926253,audio_recording
sub-6,minimally_overt,38,-51.285798139442477,audio_recording
sub-6,minimally_overt,39,-51.181378480257642,audio_recording
sub-6,minimally_overt,40,-50.884221372543081,audio_recording
sub-6,minimally_overt,41,-50.666283466200781,audio_recording
sub-6,minimally_overt,42,-50.716144015229034,audio_recording
sub-6,minimally_overt,43,-51.374000395173049,audio_recording
sub-6,minimally_overt,44,-50.967828165456872,audio_recording
sub-6,minimally_overt,45,-51.02792905910627,audio_recording
sub-6,minimally_overt,46,-50.56365736443032,audio_recording
sub-6,minimally_overt,47,-51.090258338047725,audio_recording
sub-6,minimally_overt,48,-51.214614639934467,audio_recording
sub-6,minimally_overt,49,-50.659974355863369,audio_recording
sub-6,minimally_overt,50,-50.55342638573655,audio_recording
sub-6,minimally_overt,51,-50.244468945336585,audio_recording
sub-6,minimally_overt,52,-50.588792427831507,audio_recording
sub-6,minimally_overt,53,-51.304718019758042,audio_recording
sub-6,minimally_overt,54,-50.460739362784658,audio_recording
sub-6,minimally_overt,55,-51.022710016767597,audio_recording
sub-6,minimally_overt,56,-51.252996797037191,audio_recording
sub-6,minimally_overt,57,-51.40009434478403,audio_recording
sub-6,minimally_overt,58,-50.472849575682631,audio_recording
sub-6,minimally_overt,59,-50.457561185890626,audio_recording
sub-6,minimally_overt,60,-51.011670080985574,audio_recording
sub-6,minimally_overt,61,-51.340114215252271,audio_recording
sub-6,minimally_overt,62,-51.937678053564767,audio_recording
sub-6,minimally_overt,63,-51.104485948928144,audio_recording
sub-6,minimally_overt,64,-50.718504686698573,audio_recording
sub-6,minimally_overt,65,-50.239764129931771,audio_recording
sub-6,minimally_overt,66,-51.268352878271848,audio_recording
sub-6,minimally_overt,67,-50.731700502882532,audio_recording
sub-6,minimally_overt,68,-51.082874499594467,audio_recording
sub-6,minimally_overt,69,-50.650212800470882,audio_recording
sub-6,minimally_overt,70,-50.47367182760776,audio_recording
sub-6,minimally_overt,71,-50.946173766393187,audio_recording
sub-6,minimally_overt,72,-51.198766366250126,audio_recording
sub-6,minimally_overt,73,-51.550686588730585,audio_recording
sub-6,minimally_overt,74,-50.564501868650112,audio_recording
sub-6,minimally_overt,75,-51.150339707024642,audio_recording
sub-6,minimally_overt,76,-50.730322478897271,audio_recording
sub-6,minimally_overt,77,-50.913899234413542,audio_recording
sub-6,minimally_overt,78,-51.131132078334396,audio_recording
sub-6,minimally_overt,79,-50.674194326503105,audio_recording
sub-6,minimally_overt,80,-51.090965222112587,audio_recording
sub-6,minimally_overt,81,-51.111323941153515,audio_recording
sub-6,minimally_overt,82,-50.646350987841842,audio_recording
sub-6,minimally_overt,83,-51.200665597156942,audio_recording
sub-6,minimally_overt,84,-50.315312014805869,audio_recording
sub-6,minimally_overt,85,-50.904280416069412,audio_recording
sub-6,minimally_overt,86,-51.016846838217305,audio_recording
sub-6,minimally_overt,87,-50.758619854646668,audio_recording
sub-6,minimally_overt,88,-50.247227446537181,audio_recording
sub-6,minimally_overt,89,-51.408647747992248,audio_recording
sub-6,minimally_overt,90,-51.216875650911007,audio_recording
sub-6,minimally_overt,91,-51.741232765105167,audio_recording
sub-6,minimally_overt,92,-50.784322615744671,audio_recording
sub-6,minimally_overt,93,-50.793200523342058,audio_recording
sub-6,minimally_overt,94,-51.791785996602535,audio_recording
sub-6,minimally_overt,95,-51.583948516596152,audio_recording
sub-6,minimally_overt,96,-51.094414348003312,audio_recording
sub-6,minimally_overt,97,-50.411063650402816,audio_recording
sub-6,minimally_overt,98,-50.298240879035319,audio_recording
sub-6,minimally_overt,99,-51.378203423054387,audio_recording
sub-6,minimally_overt,100,-51.861653102245981,audio_recording
sub-6,minimally_overt,101,-51.957817569418673,audio_recording
sub-6,minimally_overt,102,-52.249118993268837,audio_recording
sub-6,minimally_overt,103,-50.993897704905876,audio_recording
sub-6,minimally_overt,104,-52.175737149237378,audio_recording
sub-6,minimally_overt,105,-50.73736092680992,audio_recording
sub-6,minimally_overt,106,-51.881328477727294,audio_recording
sub-6,minimally_overt,107,-51.883268493849009,audio_recording
sub-6,minimally_overt,108,-52.035430881430514,audio_recording
sub-6,minimally_overt,109,-52.565186000195439,audio_recording
sub-6,minimally_overt,110,-51.957956942634929,audio_recording
sub-6,minimally_overt,111,-51.730814466619975,audio_recording
sub-6,minimally_overt,112,-50.807597425114196,audio_recording
sub-6,minimally_overt,113,-51.21536246845811,audio_recording
sub-6,minimally_overt,114,-52.191064520195837,audio_recording
sub-6,minimally_overt,115,-52.572254818337385,audio_recording
sub-6,minimally_overt,116,-52.047943934532128,audio_recording
sub-6,minimally_overt,117,-51.730708138033037,audio_recording
sub-6,minimally_overt,118,-50.799110963667395,audio_recording
sub-6,minimally_overt,119,-51.909327808091021,audio_recording
sub-6,minimally_overt,120,-51.312940671927066,audio_recording
sub-6,minimally_overt,121,-49.539665675107351,audio_recording
sub-6,minimally_overt,122,-52.22523977734739,audio_recording
sub-6,minimally_overt,123,-51.898257225087335,audio_recording
sub-6,minimally_overt,124,-51.428360949138764,audio_recording
sub-6,minimally_overt,125,-50.924237237128246,audio_recording
sub-6,minimally_overt,126,-51.517860678433763,audio_recording
sub-6,minimally_overt,127,-51.658363111890921,audio_recording
sub-6,minimally_overt,128,-52.045452928608526,audio_recording
sub-6,minimally_overt,129,-51.213439182427223,audio_recording
sub-6,minimally_overt,130,-51.362473809638217,audio_recording
sub-6,minimally_overt,131,-52.052999897652207,audio_recording
sub-6,minimally_overt,132,-51.945390565471683,audio_recording
sub-6,minimally_overt,133,-50.538873019464376,audio_recording
sub-6,minimally_overt,134,-51.662481472496964,audio_recording
sub-6,minimally_overt,135,-51.920909182800628,audio_recording
sub-6,minimally_overt,136,-49.7401287823077,audio_recording
sub-6,minimally_overt,137,-51.461611530734444,audio_recording
sub-6,minimally_overt,138,-50.721655458341132,audio_recording
sub-6,minimally_overt,139,-51.484344972906648,audio_recording
sub-6,minimally_overt,140,-51.746503353502071,audio_recording
sub-6,minimally_overt,141,-50.761800495805545,audio_recording
sub-6,minimally_overt,142,-51.74303726181904,audio_recording
sub-6,minimally_overt,143,-51.17524214325168,audio_recording
sub-6,minimally_overt,144,-49.954325841034077,audio_recording
sub-6,minimally_overt,145,-51.266088455297023,audio_recording
sub-6,minimally_overt,146,-50.639066264771735,audio_recording
sub-6,minimally_overt,147,-51.120843062974373,audio_recording
sub-6,minimally_overt,148,-51.493316879736199,audio_recording
sub-6,minimally_overt,149,-50.627559037175942,audio_recording
sub-6,covert,0,-51.706366894747795,audio_recording
sub-6,covert,1,-53.345930425873675,audio_recording
sub-6,covert,2,-53.592062836457004,audio_recording
sub-6,covert,3,-53.700079491570122,audio_recording
sub-6,covert,4,-53.886453168717999,audio_recording
sub-6,covert,5,-53.10016206918116,audio_recording
sub-6,covert,6,-53.58889132060628,audio_recording
sub-6,covert,7,-54.100909103564206,audio_recording
sub-6,covert,8,-55.076347802049845,audio_recording
sub-6,covert,9,-55.628114638668563,audio_recording
sub-6,covert,10,-55.01612740002448,audio_recording
sub-6,covert,11,-55.160424803305403,audio_recording
sub-6,covert,12,-55.022430204142694,audio_recording
sub-6,covert,13,-54.531162960449926,audio_recording
sub-6,covert,14,-52.717583791679552,audio_recording
sub-6,covert,15,-53.806534547156495,audio_recording
sub-6,covert,16,-54.531984232405584,audio_recording
sub-6,covert,17,-46.111644305040485,audio_recording
sub-6,covert,18,-52.660131261228713,audio_recording
sub-6,covert,19,-54.600374464298994,audio_recording
sub-6,covert,20,-54.475836857014023,audio_recording
sub-6,covert,21,-54.470142632976248,audio_recording
sub-6,covert,22,-54.34336514478408,audio_recording
sub-6,covert,23,-55.708634425984194,audio_recording
sub-6,covert,24,-54.501569358877376,audio_recording
sub-6,covert,25,-54.830322474979624,audio_recording
sub-6,covert,26,-53.992732362528542,audio_recording
sub-6,covert,27,-53.531117096271281,audio_recording
sub-6,covert,28,-53.847667285307693,audio_recording
sub-6,covert,29,-55.209779570282791,audio_recording
sub-6,covert,30,-54.730054273449937,audio_recording
sub-6,covert,31,-55.064751174787588,audio_recording
sub-6,covert,32,-51.300044202571641,audio_recording
sub-6,covert,33,-54.562860898626809,audio_recording
sub-6,covert,34,-54.387560634661355,audio_recording
sub-6,covert,35,-54.499781304690636,audio_recording
sub-6,covert,36,-53.197324394370348,audio_recording
sub-6,covert,37,-52.96851408612136,audio_recording
sub-6,covert,38,-51.810548375806917,audio_recording
sub-6,covert,39,-53.658484709451713,audio_recording
sub-6,covert,40,-54.766165729917162,audio_recording
sub-6,covert,41,-53.002849408256104,audio_recording
sub-6,covert,42,-57.123862669043191,audio_recording
sub-6,covert,43,-54.758856729016614,audio_recording
sub-6,covert,44,-53.567107873333669,audio_recording
sub-6,covert,45,-53.432656149354308,audio_recording
sub-6,covert,46,-54.215683369381281,audio_recording
sub-6,covert,47,-53.744296666842359,audio_recording
sub-6,covert,48,-53.397260567748361,audio_recording
sub-6,covert,49,-53.088000058749657,audio_recording
sub-6,covert,50,-47.565600702332958,audio_recording
sub-6,covert,51,-51.33209869259435,audio_recording
sub-6,covert,52,-53.403232165150811,audio_recording
sub-6,covert,53,-53.014427992123629,audio_recording
sub-6,covert,54,-52.966329799516629,audio_recording
sub-6,covert,55,-53.698834120354014,audio_recording
sub-6,covert,56,-54.081871320263929,audio_recording
sub-6,covert,57,-52.657644424238242,audio_recording
sub-6,covert,58,-53.502215472312834,audio_recording
sub-6,covert,59,-53.072172941984412,audio_recording
sub-6,covert,60,-52.464695972278655,audio_recording
sub-6,covert,61,-52.776324197130556,audio_recording
sub-6,covert,62,-52.726355412243635,audio_recording
sub-6,covert,63,-52.993774024041535,audio_recording
sub-6,covert,64,-53.596736607562562,audio_recording
sub-6,covert,65,-53.656515139899305,audio_recording
sub-6,covert,66,-53.804396267331349,audio_recording
sub-6,covert,67,-52.945612001098752,audio_recording
sub-6,covert,68,-52.370135472196402,audio_recording
sub-6,covert,69,-52.785118229366859,audio_recording
sub-6,covert,70,-53.905032642271728,audio_recording
sub-6,covert,71,-54.042099223230437,audio_recording
sub-6,covert,72,-53.065177658681712,audio_recording
sub-6,covert,73,-53.438814992518807,audio_recording
sub-6,covert,74,-53.594957418730992,audio_recording
sub-6,covert,75,-53.541758973406203,audio_recording
sub-6,covert,76,-53.105496531101977,audio_recording
sub-6,covert,77,-52.558075666942841,audio_recording
sub-6,covert,78,-55.851980574199786,audio_recording
sub-6,covert,79,-56.492050015820396,audio_recording
sub-6,covert,80,-55.53837316476033,audio_recording
sub-6,covert,81,-55.930875022862786,audio_recording
sub-6,covert,82,-55.522965589793102,audio_recording
sub-6,covert,83,-54.449867037041273,audio_recording
sub-6,covert,84,-52.648371729384678,audio_recording
sub-6,covert,85,-54.710701182516118,audio_recording
sub-6,covert,86,-53.936749203365544,audio_recording
sub-6,covert,87,-53.185592627605644,audio_recording
sub-6,covert,88,-54.977010811152084,audio_recording
sub-6,covert,89,-54.693283414713079,audio_recording
sub-6,covert,90,-54.719369712429192,audio_recording
sub-6,covert,91,-54.560268867235742,audio_recording
sub-6,covert,92,-53.11609385724789,audio_recording
sub-6,covert,93,-55.082885516652226,audio_recording
sub-6,covert,94,-54.40507688438138,audio_recording
sub-6,covert,95,-53.481236900232204,audio_recording
sub-6,covert,96,-54.373405978317741,audio_recording
sub-6,covert,97,-53.987937671000857,audio_recording
sub-6,covert,98,-54.020713441516946,audio_recording
sub-6,covert,99,-54.14215659919784,audio_recording
sub-6,covert,100,-55.310057634552372,audio_recording
sub-6,covert,101,-54.958349895604265,audio_recording
sub-6,covert,102,-55.080634309513272,audio_recording
sub-6,covert,103,-54.913225611125114,audio_recording
sub-6,covert,104,-55.249034804811949,audio_recording
sub-6,covert,105,-55.134427463665133,audio_recording
sub-6,covert,106,-55.406115479228532,audio_recording
sub-6,covert,107,-55.672489186017849,audio_recording
sub-6,covert,108,-55.757774606003728,audio_recording
sub-6,covert,109,-53.488658741984011,audio_recording
sub-6,covert,110,-55.696480721695629,audio_recording
sub-6,covert,111,-55.224292734011911,audio_recording
sub-6,covert,112,-56.540823678613201,audio_recording
sub-6,covert,113,-56.322185331479496,audio_recording
sub-6,covert,114,-56.913151892649687,audio_recording
sub-6,covert,115,-53.825350268334077,audio_recording
sub-6,covert,116,-56.70345212074681,audio_recording
sub-6,covert,117,-56.112581437398475,audio_recording
sub-6,covert,118,-57.121441129491558,audio_recording
sub-6,covert,119,-56.749153042101568,audio_recording
sub-6,covert,120,-57.500706998689679,audio_recording
sub-6,covert,121,-56.513159307007626,audio_recording
sub-6,covert,122,-57.165442076132834,audio_recording
sub-6,covert,123,-57.107952928325567,audio_recording
sub-6,covert,124,-56.672987751726211,audio_recording
sub-6,covert,125,-56.639550556807059,audio_recording
sub-6,covert,126,-57.537230088022469,audio_recording
sub-6,covert,127,-57.03937721606998,audio_recording
sub-6,covert,128,-57.241598886199377,audio_recording
sub-6,covert,129,-57.517629756402492,audio_recording
sub-6,covert,130,-56.866044297462558,audio_recording
sub-6,covert,131,-56.859329792493646,audio_recording
sub-6,covert,132,-54.30293058289984,audio_recording
sub-6,covert,133,-55.885969343318393,audio_recording
sub-6,covert,134,-54.73388414174466,audio_recording
sub-6,covert,135,-55.347194674538287,audio_recording
sub-6,covert,136,-55.315164164930948,audio_recording
sub-6,covert,137,-55.324097494838156,audio_recording
sub-6,covert,138,-55.207167178889122,audio_recording
sub-6,covert,139,-54.728083860289686,audio_recording
sub-6,covert,140,-55.925665201428906,audio_recording
sub-6,covert,141,-55.124710059735854,audio_recording
sub-6,covert,142,-53.504172988266809,audio_recording
sub-6,covert,143,-55.160285384363725,audio_recording
sub-6,covert,144,-55.432906247607647,audio_recording
sub-6,covert,145,-55.778455629774115,audio_recording
sub-6,covert,146,-55.581743849566379,audio_recording
sub-6,covert,147,-56.353023503081658,audio_recording
sub-6,covert,148,-54.734481800013896,audio_recording
sub-6,covert,149,-55.499707572103844,audio_recording
sub-7,overt,0,-36.702845092373849,audio_recording
sub-7,overt,1,-35.552581110477604,audio_recording
sub-7,overt,2,-39.256455752868312,audio_recording
sub-7,overt,3,-35.472578033708807,audio_recording
sub-7,overt,4,-34.638271097490289,audio_recording
sub-7,overt,5,-34.888375983812139,audio_recording
sub-7,overt,6,-35.714345206650584,audio_recording
sub-7,overt,7,-37.056174279056279,audio_recording
sub-7,overt,8,-35.28880223958506,audio_recording
sub-7,overt,9,-37.342012890757232,audio_recording
sub-7,overt,10,-36.907044936106075,audio_recording
sub-7,overt,11,-38.911463279953125,audio_recording
sub-7,overt,12,-38.037548917620313,audio_recording
sub-7,overt,13,-36.680409999086791,audio_recording
sub-7,overt,14,-36.465663840823531,audio_recording
sub-7,overt,15,-36.038909429635098,audio_recording
sub-7,overt,16,-36.057017040394022,audio_recording
sub-7,overt,17,-37.258558935268248,audio_recording
sub-7,overt,18,-35.442413625299011,audio_recording
sub-7,overt,19,-37.515380652337377,audio_recording
sub-7,overt,20,-36.141024289957926,audio_recording
sub-7,overt,21,-36.768297976340378,audio_recording
sub-7,overt,22,-36.372326680337189,audio_recording
sub-7,overt,23,-36.597443419434967,audio_recording
sub-7,overt,24,-36.043059389779685,audio_recording
sub-7,overt,25,-38.1539673459894,audio_recording
sub-7,overt,26,-34.538276827934617,audio_recording
sub-7,overt,27,-36.755629746159514,audio_recording
sub-7,overt,28,-37.90200437237003,audio_recording
sub-7,overt,29,-39.429408398141575,audio_recording
sub-7,overt,30,-35.708854214880603,audio_recording
sub-7,overt,31,-39.327963539998294,audio_recording
sub-7,overt,32,-35.919643298533416,audio_recording
sub-7,overt,33,-35.8896250868656,audio_recording
sub-7,overt,34,-35.838846192429408,audio_recording
sub-7,overt,35,-37.739390563471524,audio_recording
sub-7,overt,36,-37.434240015074963,audio_recording
sub-7,overt,37,-38.796314380784445,audio_recording
sub-7,overt,38,-40.992559911058009,audio_recording
sub-7,overt,39,-39.542856662251495,audio_recording
sub-7,overt,40,-35.543405812716586,audio_recording
sub-7,overt,41,-34.865031195523571,audio_recording
sub-7,overt,42,-37.31958934841213,audio_recording
sub-7,overt,43,-38.90337908376862,audio_recording
sub-7,overt,44,-37.924982152276684,audio_recording
sub-7,overt,45,-38.330656078764335,audio_recording
sub-7,overt,46,-38.522858005119879,audio_recording
sub-7,overt,47,-36.805826128420264,audio_recording
sub-7,overt,48,-39.750175172079324,audio_recording
sub-7,overt,49,-36.531916939039284,audio_recording
sub-7,overt,50,-35.057424466583086,audio_recording
sub-7,overt,51,-35.895150462323194,audio_recording
sub-7,overt,52,-35.520298012255367,audio_recording
sub-7,overt,53,-38.926744844904647,audio_recording
sub-7,overt,54,-38.149980752109549,audio_recording
sub-7,overt,55,-40.070015599154274,audio_recording
sub-7,overt,56,-39.261472670228088,audio_recording
sub-7,overt,57,-36.720612897129975,audio_recording
sub-7,overt,58,-36.112322155912416,audio_recording
sub-7,overt,59,-36.464388768059379,audio_recording
sub-7,overt,60,-34.858901564353658,audio_recording
sub-7,overt,61,-38.788888878864164,audio_recording
sub-7,overt,62,-35.932603701185883,audio_recording
sub-7,overt,63,-38.641534421083215,audio_recording
sub-7,overt,64,-37.317909291702833,audio_recording
sub-7,overt,65,-38.241564899123944,audio_recording
sub-7,overt,66,-37.344982781330387,audio_recording
sub-7,overt,67,-39.195952754944116,audio_recording
sub-7,overt,68,-36.436127159469407,audio_recording
sub-7,overt,69,-36.276276058468,audio_recording
sub-7,overt,70,-36.691355053313082,audio_recording
sub-7,overt,71,-34.47125827900706,audio_recording
sub-7,overt,72,-37.108881815388109,audio_recording
sub-7,overt,73,-34.090747965759959,audio_recording
sub-7,overt,74,-37.13158583708713,audio_recording
sub-7,overt,75,-35.824782521151988,audio_recording
sub-7,overt,76,-37.610873900421659,audio_recording
sub-7,overt,77,-36.074674432997078,audio_recording
sub-7,overt,78,-37.053601740081724,audio_recording
sub-7,overt,79,-34.424685032060751,audio_recording
sub-7,overt,80,-33.946098262016704,audio_recording
sub-7,overt,81,-36.378950874163209,audio_recording
sub-7,overt,82,-36.689537687489363,audio_recording
sub-7,overt,83,-33.930219087945311,audio_recording
sub-7,overt,84,-37.861514157052753,audio_recording
sub-7,overt,85,-35.338108799392828,audio_recording
sub-7,overt,86,-37.262306366815274,audio_recording
sub-7,overt,87,-36.957634670181434,audio_recording
sub-7,overt,88,-36.929635889152493,audio_recording
sub-7,overt,89,-36.198131898331525,audio_recording
sub-7,overt,90,-34.864034169066485,audio_recording
sub-7,overt,91,-35.061076010656549,audio_recording
sub-7,overt,92,-35.70347390671256,audio_recording
sub-7,overt,93,-33.227847716881072,audio_recording
sub-7,overt,94,-34.967053213519051,audio_recording
sub-7,overt,95,-36.305608987652803,audio_recording
sub-7,overt,96,-36.995811727679786,audio_recording
sub-7,overt,97,-36.81450992963466,audio_recording
sub-7,overt,98,-34.069724600846079,audio_recording
sub-7,overt,99,-36.677619910897583,audio_recording
sub-7,overt,100,-37.020675482369015,audio_recording
sub-7,overt,101,-35.333325057782183,audio_recording
sub-7,overt,102,-37.893273144677167,audio_recording
sub-7,overt,103,-33.33627869380301,audio_recording
sub-7,overt,104,-36.148011252336524,audio_recording
sub-7,overt,105,-33.490459113356494,audio_recording
sub-7,overt,106,-35.175654844835684,audio_recording
sub-7,overt,107,-36.645940980249371,audio_recording
sub-7,overt,108,-35.854612952039844,audio_recording
sub-7,overt,109,-38.204385646504406,audio_recording
sub-7,overt,110,-36.537425347819728,audio_recording
sub-7,overt,111,-37.462479252018269,audio_recording
sub-7,overt,112,-37.877268041619622,audio_recording
sub-7,overt,113,-33.895991905508644,audio_recording
sub-7,overt,114,-37.570986141973115,audio_recording
sub-7,overt,115,-37.436623759642941,audio_recording
sub-7,overt,116,-35.641123898596099,audio_recording
sub-7,overt,117,-35.499900943553129,audio_recording
sub-7,overt,118,-36.637502306236541,audio_recording
sub-7,overt,119,-33.253436216675837,audio_recording
sub-7,overt,120,-36.222110093921884,audio_recording
sub-7,overt,121,-32.801949927626403,audio_recording
sub-7,overt,122,-34.980657297603656,audio_recording
sub-7,overt,123,-34.8244883283934,audio_recording
sub-7,overt,124,-37.675449739873692,audio_recording
sub-7,overt,125,-35.662681720240826,audio_recording
sub-7,overt,126,-34.957276284523751,audio_recording
sub-7,overt,127,-36.390620032680104,audio_recording
sub-7,overt,128,-38.136814405775112,audio_recording
sub-7,overt,129,-33.358810602508377,audio_recording
sub-7,overt,130,-35.807263025340511,audio_recording
sub-7,overt,131,-38.189278580780595,audio_recording
sub-7,overt,132,-36.593748870662417,audio_recording
sub-7,overt,133,-35.191281810069796,audio_recording
sub-7,overt,134,-37.232338693152386,audio_recording
sub-7,overt,135,-37.148157548729124,audio_recording
sub-7,overt,136,-37.861071429407289,audio_recording
sub-7,overt,137,-34.326365368915361,audio_recording
sub-7,overt,138,-33.931003264122928,audio_recording
sub-7,overt,139,-35.569267173429253,audio_recording
sub-7,overt,140,-38.619416594071737,audio_recording
sub-7,overt,141,-33.885181889403995,audio_recording
sub-7,overt,142,-34.132485672970759,audio_recording
sub-7,overt,143,-36.859204475828449,audio_recording
sub-7,overt,144,-36.704584496749447,audio_recording
sub-7,overt,145,-37.849006083736491,audio_recording
sub-7,overt,146,-34.55256479842059,audio_recording
sub-7,overt,147,-35.391973701717212,audio_recording
sub-7,overt,148,-36.790827354488357,audio_recording
sub-7,overt,149,-34.629677308923242,audio_recording
sub-7,minimally_overt,0,-53.199093773253175,audio_recording
sub-7,minimally_overt,1,-54.189312926384261,audio_recording
sub-7,minimally_overt,2,-53.267982751945141,audio_recording
sub-7,minimally_overt,3,-50.348048790263782,audio_recording
sub-7,minimally_overt,4,-56.135779309796114,audio_recording
sub-7,minimally_overt,5,-56.036736304562027,audio_recording
sub-7,minimally_overt,6,-55.207599568116585,audio_recording
sub-7,minimally_overt,7,-55.127316305155333,audio_recording
sub-7,minimally_overt,8,-54.726917028931787,audio_recording
sub-7,minimally_overt,9,-52.990666269506704,audio_recording
sub-7,minimally_overt,10,-54.007060916462038,audio_recording
sub-7,minimally_overt,11,-55.433534237318611,audio_recording
sub-7,minimally_overt,12,-56.269763338771384,audio_recording
sub-7,minimally_overt,13,-55.493045714584966,audio_recording
sub-7,minimally_overt,14,-50.767243229143432,audio_recording
sub-7,minimally_overt,15,-55.391333557500232,audio_recording
sub-7,minimally_overt,16,-55.476289389657381,audio_recording
sub-7,minimally_overt,17,-55.964707994435386,audio_recording
sub-7,minimally_overt,18,-55.097359322862737,audio_recording
sub-7,minimally_overt,19,-56.367912370756663,audio_recording
sub-7,minimally_overt,20,-55.873620670048638,audio_recording
sub-7,minimally_overt,21,-55.490962124529958,audio_recording
sub-7,minimally_overt,22,-54.965342749531459,audio_recording
sub-7,minimally_overt,23,-55.136317345012273,audio_recording
sub-7,minimally_overt,24,-49.914149210155962,audio_recording
sub-7,minimally_overt,25,-53.223817606603632,audio_recording
sub-7,minimally_overt,26,-55.565907336336885,audio_recording
sub-7,minimally_overt,27,-56.120514744432704,audio_recording
sub-7,minimally_overt,28,-55.444381351101498,audio_recording
sub-7,minimally_overt,29,-55.004567834304098,audio_recording
sub-7,minimally_overt,30,-51.744814663661415,audio_recording
sub-7,minimally_overt,31,-55.876386177617952,audio_recording
sub-7,minimally_overt,32,-56.051403157851311,audio_recording
sub-7,minimally_overt,33,-55.472894444958051,audio_recording
sub-7,minimally_overt,34,-53.852283713671298,audio_recording
sub-7,minimally_overt,35,-52.463652959955965,audio_recording
sub-7,minimally_overt,36,-52.596139020544591,audio_recording
sub-7,minimally_overt,37,-54.446048368001449,audio_recording
sub-7,minimally_overt,38,-55.32183295849515,audio_recording
sub-7,minimally_overt,39,-55.656091484953834,audio_recording
sub-7,minimally_overt,40,-54.919309175635078,audio_recording
sub-7,minimally_overt,41,-54.827949131400629,audio_recording
sub-7,minimally_overt,42,-56.074511239467427,audio_recording
sub-7,minimally_overt,43,-54.437679575934958,audio_recording
sub-7,minimally_overt,44,-54.531044786408451,audio_recording
sub-7,minimally_overt,45,-54.933455854796478,audio_recording
sub-7,minimally_overt,46,-55.997664507625068,audio_recording
sub-7,minimally_overt,47,-55.00049147092912,audio_recording
sub-7,minimally_overt,48,-54.305320399332338,audio_recording
sub-7,minimally_overt,49,-53.391160031513778,audio_recording
sub-7,minimally_overt,50,-55.872403693289797,audio_recording
sub-7,minimally_overt,51,-55.723929840205884,audio_recording
sub-7,minimally_overt,52,-54.773217719822256,audio_recording
sub-7,minimally_overt,53,-55.538206790606353,audio_recording
sub-7,minimally_overt,54,-49.504293007198584,audio_recording
sub-7,minimally_overt,55,-53.131361470118968,audio_recording
sub-7,minimally_overt,56,-54.846947407194421,audio_recording
sub-7,minimally_overt,57,-55.589840178472983,audio_recording
sub-7,minimally_overt,58,-54.567608132531284,audio_recording
sub-7,minimally_overt,59,-53.470358951399611,audio_recording
sub-7,minimally_overt,60,-52.423732936641905,audio_recording
sub-7,minimally_overt,61,-55.558650510721549,audio_recording
sub-7,minimally_overt,62,-55.871094658630369,audio_recording
sub-7,minimally_overt,63,-54.309024424387275,audio_recording
sub-7,minimally_overt,64,-55.262285331359791,audio_recording
sub-7,minimally_overt,65,-56.411886385128014,audio_recording
sub-7,minimally_overt,66,-53.915893689855523,audio_recording
sub-7,minimally_overt,67,-54.27822803619199,audio_recording
sub-7,minimally_overt,68,-54.673346470656284,audio_recording
sub-7,minimally_overt,69,-55.954141041004561,audio_recording
sub-7,minimally_overt,70,-55.502732075185634,audio_recording
sub-7,minimally_overt,71,-54.953854744474548,audio_recording
sub-7,minimally_overt,72,-55.25658574772384,audio_recording
sub-7,minimally_overt,73,-56.228502427747095,audio_recording
sub-7,minimally_overt,74,-55.857674279416592,audio_recording
sub-7,minimally_overt,75,-56.069726275297064,audio_recording
sub-7,minimally_overt,76,-56.036541258932672,audio_recording
sub-7,minimally_overt,77,-55.809567210904177,audio_recording
sub-7,minimally_overt,78,-55.302268299666686,audio_recording
sub-7,minimally_overt,79,-55.525308735368149,audio_recording
sub-7,minimally_overt,80,-55.582577774820052,audio_recording
sub-7,minimally_overt,81,-53.84021409711854,audio_recording
sub-7,minimally_overt,82,-41.415280903861415,audio_recording
sub-7,minimally_overt,83,-53.467462463724218,audio_recording
sub-7,minimally_overt,84,-54.868037317004713,audio_recording
sub-7,minimally_overt,85,-52.835170642097907,audio_recording
sub-7,minimally_overt,86,-53.617364817084152,audio_recording
sub-7,minimally_overt,87,-53.794063091177712,audio_recording
sub-7,minimally_overt,88,-52.489373965468538,audio_recording
sub-7,minimally_overt,89,-54.493075799679879,audio_recording
sub-7,minimally_overt,90,-54.721642540941659,audio_recording
sub-7,minimally_overt,91,-55.523422572581232,audio_recording
sub-7,minimally_overt,92,-54.305225018999138,audio_recording
sub-7,minimally_overt,93,-55.043490965003038,audio_recording
sub-7,minimally_overt,94,-56.439895927768248,audio_recording
sub-7,minimally_overt,95,-55.67861293886196,audio_recording
sub-7,minimally_overt,96,-54.869746753760623,audio_recording
sub-7,minimally_overt,97,-56.272001041510279,audio_recording
sub-7,minimally_overt,98,-56.52500944941314,audio_recording
sub-7,minimally_overt,99,-56.789721755130934,audio_recording
sub-7,minimally_overt,100,-56.892080732076131,audio_recording
sub-7,minimally_overt,101,-56.724604361666394,audio_recording
sub-7,minimally_overt,102,-56.759929776631317,audio_recording
sub-7,minimally_overt,103,-56.587707263788509,audio_recording
sub-7,minimally_overt,104,-56.344402343824655,audio_recording
sub-7,minimally_overt,105,-54.05832070926305,audio_recording
sub-7,minimally_overt,106,-54.90143426142501,audio_recording
sub-7,minimally_overt,107,-54.303597995866312,audio_recording
sub-7,minimally_overt,108,-54.489183815514124,audio_recording
sub-7,minimally_overt,109,-54.486672376446819,audio_recording
sub-7,minimally_overt,110,-53.22346104659271,audio_recording
sub-7,minimally_overt,111,-53.414933370648569,audio_recording
sub-7,minimally_overt,112,-55.89082927917363,audio_recording
sub-7,minimally_overt,113,-56.23268004340175,audio_recording
sub-7,minimally_overt,114,-55.468945608550399,audio_recording
sub-7,minimally_overt,115,-54.598352747333159,audio_recording
sub-7,minimally_overt,116,-56.241174533643914,audio_recording
sub-7,minimally_overt,117,-55.480350088418511,audio_recording
sub-7,minimally_overt,118,-56.04370577508957,audio_recording
sub-7,minimally_overt,119,-56.50628366195393,audio_recording
sub-7,minimally_overt,120,-57.175494404713518,audio_recording
sub-7,minimally_overt,121,-53.640679201941516,audio_recording
sub-7,minimally_overt,122,-56.272251999045011,audio_recording
sub-7,minimally_overt,123,-57.292428994905634,audio_recording
sub-7,minimally_overt,124,-56.506171144836514,audio_recording
sub-7,minimally_overt,125,-52.527238858275652,audio_recording
sub-7,minimally_overt,126,-53.554417277471593,audio_recording
sub-7,minimally_overt,127,-51.839096495659092,audio_recording
sub-7,minimally_overt,128,-55.108017568618138,audio_recording
sub-7,minimally_overt,129,-54.924070636018314,audio_recording
sub-7,minimally_overt,130,-53.069336307713328,audio_recording
sub-7,minimally_overt,131,-52.902050225472429,audio_recording
sub-7,minimally_overt,132,-54.636560937892654,audio_recording
sub-7,minimally_overt,133,-55.752177267212922,audio_recording
sub-7,minimally_overt,134,-53.317381086841863,audio_recording
sub-7,minimally_overt,135,-54.348853087088187,audio_recording
sub-7,minimally_overt,136,-55.299779705276215,audio_recording
sub-7,minimally_overt,137,-55.000420724206776,audio_recording
sub-7,minimally_overt,138,-53.857721971705423,audio_recording
sub-7,minimally_overt,139,-53.502716084428954,audio_recording
sub-7,minimally_overt,140,-55.9291868206844,audio_recording
sub-7,minimally_overt,141,-55.109678888831226,audio_recording
sub-7,minimally_overt,142,-56.074812004270726,audio_recording
sub-7,minimally_overt,143,-54.586144516423474,audio_recording
sub-7,minimally_overt,144,-53.161851238338791,audio_recording
sub-7,minimally_overt,145,-56.957228309778593,audio_recording
sub-7,minimally_overt,146,-48.702022601566362,audio_recording
sub-7,minimally_overt,147,-55.700461782238193,audio_recording
sub-7,minimally_overt,148,-55.013477399783568,audio_recording
sub-7,minimally_overt,149,-51.890197530445704,audio_recording
sub-7,covert,0,-55.429963196049513,audio_recording
sub-7,covert,1,-56.784361315428121,audio_recording
sub-7,covert,2,-56.557309159761701,audio_recording
sub-7,covert,3,-56.205907342584283,audio_recording
sub-7,covert,4,-56.296953906508662,audio_recording
sub-7,covert,5,-57.030596774884721,audio_recording
sub-7,covert,6,-56.591240276002644,audio_recording
sub-7,covert,7,-56.606033326281022,audio_recording
sub-7,covert,8,-56.653704255646446,audio_recording
sub-7,covert,9,-56.159743246298667,audio_recording
sub-7,covert,10,-56.205288160644628,audio_recording
sub-7,covert,11,-55.072080789982337,audio_recording
sub-7,covert,12,-54.605582566520766,audio_recording
sub-7,covert,13,-54.509551380655836,audio_recording
sub-7,covert,14,-54.368983066201125,audio_recording
sub-7,covert,15,-52.996487934268231,audio_recording
sub-7,covert,16,-46.544787770260434,audio_recording
sub-7,covert,17,-53.16562932870081,audio_recording
sub-7,covert,18,-54.927365101808789,audio_recording
sub-7,covert,19,-54.968931689243689,audio_recording
sub-7,covert,20,-53.781014222994173,audio_recording
sub-7,covert,21,-53.622806121006526,audio_recording
sub-7,covert,22,-54.53450690610071,audio_recording
sub-7,covert,23,-54.517898313110649,audio_recording
sub-7,covert,24,-55.587487615260372,audio_recording
sub-7,covert,25,-55.888345988179552,audio_recording
sub-7,covert,26,-55.179387416519234,audio_recording
sub-7,covert,27,-55.646376871378109,audio_recording
sub-7,covert,28,-53.319500293908064,audio_recording
sub-7,covert,29,-56.430957079564934,audio_recording
sub-7,covert,30,-56.329680150947596,audio_recording
sub-7,covert,31,-56.570421719421738,audio_recording
sub-7,covert,32,-56.56163630573208,audio_recording
sub-7,covert,33,-51.846826230003131,audio_recording
sub-7,covert,34,-55.562676393265143,audio_recording
sub-7,covert,35,-54.195416973655369,audio_recording
sub-7,covert,36,-56.300958896567536,audio_recording
sub-7,covert,37,-56.915670151897643,audio_recording
sub-7,covert,38,-56.013378705162957,audio_recording
sub-7,covert,39,-55.610160887947742,audio_recording
sub-7,covert,40,-55.314090856651674,audio_recording
sub-7,covert,41,-54.229021588212646,audio_recording
sub-7,covert,42,-56.084276722123477,audio_recording
sub-7,covert,43,-55.365834237282073,audio_recording
sub-7,covert,44,-56.163736685648345,audio_recording
sub-7,covert,45,-57.009851154432248,audio_recording
sub-7,covert,46,-57.384538153039884,audio_recording
sub-7,covert,47,-56.919824682986004,audio_recording
sub-7,covert,48,-56.958877920212984,audio_recording
sub-7,covert,49,-57.479089783454995,audio_recording
sub-7,covert,50,-56.483019779302467,audio_recording
sub-7,covert,51,-56.423714825251736,audio_recording
sub-7,covert,52,-58.051925983189058,audio_recording
sub-7,covert,53,-57.652756320331221,audio_recording
sub-7,covert,54,-57.864907948469934,audio_recording
sub-7,covert,55,-57.941653002504573,audio_recording
sub-7,covert,56,-55.616803353095321,audio_recording
sub-7,covert,57,-56.356982871665068,audio_recording
sub-7,covert,58,-57.064868811963841,audio_recording
sub-7,covert,59,-56.29486372577108,audio_recording
sub-7,covert,60,-56.966226107507524,audio_recording
sub-7,covert,61,-57.177554136516562,audio_recording
sub-7,covert,62,-56.491115131673652,audio_recording
sub-7,covert,63,-56.161520751939491,audio_recording
sub-7,covert,64,-54.52280216269827,audio_recording
sub-7,covert,65,-56.973747689098346,audio_recording
sub-7,covert,66,-56.974761637032259,audio_recording
sub-7,covert,67,-55.347275706793084,audio_recording
sub-7,covert,68,-55.868702688442795,audio_recording
sub-7,covert,69,-56.638776599678721,audio_recording
sub-7,covert,70,-56.106645244746687,audio_recording
sub-7,covert,71,-55.514697154173817,audio_recording
sub-7,covert,72,-55.955653346821485,audio_recording
sub-7,covert,73,-55.07820808291995,audio_recording
sub-7,covert,74,-56.216116546153373,audio_recording
sub-7,covert,75,-55.239194576178768,audio_recording
sub-7,covert,76,-55.492111818002485,audio_recording
sub-7,covert,77,-54.344955470087626,audio_recording
sub-7,covert,78,-52.690687139015949,audio_recording
sub-7,covert,79,-55.213770224814731,audio_recording
sub-7,covert,80,-55.623558918864454,audio_recording
sub-7,covert,81,-56.074483750529581,audio_recording
sub-7,covert,82,-55.462745469499396,audio_recording
sub-7,covert,83,-55.938744472195154,audio_recording
sub-7,covert,84,-55.330820624708863,audio_recording
sub-7,covert,85,-53.508098576108623,audio_recording
sub-7,covert,86,-54.881185840469769,audio_recording
sub-7,covert,87,-56.003635116193415,audio_recording
sub-7,covert,88,-55.627267920697463,audio_recording
sub-7,covert,89,-53.448500172198237,audio_recording
sub-7,covert,90,-55.047744628725056,audio_recording
sub-7,covert,91,-56.610977734845065,audio_recording
sub-7,covert,92,-55.889133797386094,audio_recording
sub-7,covert,93,-53.843493809236762,audio_recording
sub-7,covert,94,-56.038115164682658,audio_recording
sub-7,covert,95,-55.867358690261575,audio_recording
sub-7,covert,96,-56.154979639650008,audio_recording
sub-7,covert,97,-55.507129265620584,audio_recording
sub-7,covert,98,-54.800821745122988,audio_recording
sub-7,covert,99,-55.783602900034943,audio_recording
sub-7,covert,100,-55.829068227407205,audio_recording
sub-7,covert,101,-56.685853760795311,audio_recording
sub-7,covert,102,-57.993791559942778,audio_recording
sub-7,covert,103,-57.646151039715448,audio_recording
sub-7,covert,104,-57.343090828234367,audio_recording
sub-7,covert,105,-57.222695642475657,audio_recording
sub-7,covert,106,-57.563927801695684,audio_recording
sub-7,covert,107,-56.89947820949665,audio_recording
sub-7,covert,108,-57.37797823707902,audio_recording
sub-7,covert,109,-56.286001414509968,audio_recording
sub-7,covert,110,-55.478651482921855,audio_recording
sub-7,covert,111,-56.389016765406609,audio_recording
sub-7,covert,112,-57.21427482727421,audio_recording
sub-7,covert,113,-57.735283871215046,audio_recording
sub-7,covert,114,-57.904464233566934,audio_recording
sub-7,covert,115,-57.987771493931774,audio_recording
sub-7,covert,116,-54.939510537743693,audio_recording
sub-7,covert,117,-57.196307840022556,audio_recording
sub-7,covert,118,-57.146973753588085,audio_recording
sub-7,covert,119,-57.525549488233246,audio_recording
sub-7,covert,120,-53.754313179774613,audio_recording
sub-7,covert,121,-57.178378857587816,audio_recording
sub-7,covert,122,-56.133330419307278,audio_recording
sub-7,covert,123,-56.590873688754328,audio_recording
sub-7,covert,124,-56.797255044635612,audio_recording
sub-7,covert,125,-56.357167968269891,audio_recording
sub-7,covert,126,-56.999130573371758,audio_recording
sub-7,covert,127,-55.970493538577358,audio_recording
sub-7,covert,128,-56.889009066226258,audio_recording
sub-7,covert,129,-57.335266367305167,audio_recording
sub-7,covert,130,-57.894263471763146,audio_recording
sub-7,covert,131,-57.536000373912429,audio_recording
sub-7,covert,132,-57.577199477401415,audio_recording
sub-7,covert,133,-57.223709300657561,audio_recording
sub-7,covert,134,-53.243860050698586,audio_recording
sub-7,covert,135,-54.716631805744228,audio_recording
sub-7,covert,136,-57.116182181566671,audio_recording
sub-7,covert,137,-56.5983504996981,audio_recording
sub-7,covert,138,-56.410624202737296,audio_recording
sub-7,covert,139,-56.948667500411347,audio_recording
sub-7,covert,140,-57.630849260344903,audio_recording
sub-7,covert,141,-54.737775407442015,audio_recording
sub-7,covert,142,-57.394752951417338,audio_recording
sub-7,covert,143,-56.735615008840618,audio_recording
sub-7,covert,144,-57.612683748760915,audio_recording
sub-7,covert,145,-55.876386432556373,audio_recording
sub-7,covert,146,-53.061004773216588,audio_recording
sub-7,covert,147,-57.028958612650896,audio_recording
sub-7,covert,148,-57.169070689682208,audio_recording
sub-7,covert,149,-57.398314332923192,audio_recording
sub-8,overt,0,-30.629682038945905,audio_recording
sub-8,overt,1,-30.829586617302986,audio_recording
sub-8,overt,2,-35.315353103872937,audio_recording
sub-8,overt,3,-31.008323550901736,audio_recording
sub-8,overt,4,-32.899777192443601,audio_recording
sub-8,overt,5,-31.601522517623906,audio_recording
sub-8,overt,6,-33.39193374351018,audio_recording
sub-8,overt,7,-30.174794997681758,audio_recording
sub-8,overt,8,-35.752050472476711,audio_recording
sub-8,overt,9,-36.834922521609968,audio_recording
sub-8,overt,10,-37.161350571446846,audio_recording
sub-8,overt,11,-31.992783035259706,audio_recording
sub-8,overt,12,-32.287384348327798,audio_recording
sub-8,overt,13,-31.187617573373004,audio_recording
sub-8,overt,14,-37.245144888201722,audio_recording
sub-8,overt,15,-35.62199062922447,audio_recording
sub-8,overt,16,-32.275343402108987,audio_recording
sub-8,overt,17,-33.169805884326706,audio_recording
sub-8,overt,18,-31.717494980417467,audio_recording
sub-8,overt,19,-35.084191231998609,audio_recording
sub-8,overt,20,-34.467541849677666,audio_recording
sub-8,overt,21,-35.663731783878305,audio_recording
sub-8,overt,22,-33.829870352440679,audio_recording
sub-8,overt,23,-34.119138355163322,audio_recording
sub-8,overt,24,-34.148547018739109,audio_recording
sub-8,overt,25,-32.725161591579713,audio_recording
sub-8,overt,26,-34.771288773064988,audio_recording
sub-8,overt,27,-31.535728072124385,audio_recording
sub-8,overt,28,-32.052367372058278,audio_recording
sub-8,overt,29,-37.416514889890884,audio_recording
sub-8,overt,30,-32.168123726440122,audio_recording
sub-8,overt,31,-34.301106735201053,audio_recording
sub-8,overt,32,-31.466025332926634,audio_recording
sub-8,overt,33,-34.795154576317401,audio_recording
sub-8,overt,34,-30.494492949697928,audio_recording
sub-8,overt,35,-33.157043944118563,audio_recording
sub-8,overt,36,-40.860198469554888,audio_recording
sub-8,overt,37,-33.703742565759917,audio_recording
sub-8,overt,38,-37.972955057743121,audio_recording
sub-8,overt,39,-35.605581817848964,audio_recording
sub-8,overt,40,-38.619080587490132,audio_recording
sub-8,overt,41,-31.216826147370014,audio_recording
sub-8,overt,42,-32.210696205028299,audio_recording
sub-8,overt,43,-33.381058995894804,audio_recording
sub-8,overt,44,-39.424702720940353,audio_recording
sub-8,overt,45,-35.309422799634156,audio_recording
sub-8,overt,46,-35.953269276589623,audio_recording
sub-8,overt,47,-32.861840656074165,audio_recording
sub-8,overt,48,-33.948435384301227,audio_recording
sub-8,overt,49,-37.195455202805618,audio_recording
sub-8,overt,50,-33.685186113484313,audio_recording
sub-8,overt,51,-32.565673043715861,audio_recording
sub-8,overt,52,-32.132147545691467,audio_recording
sub-8,overt,53,-36.20822679943425,audio_recording
sub-8,overt,54,-31.214324501805294,audio_recording
sub-8,overt,55,-34.973089588396022,audio_recording
sub-8,overt,56,-32.556251637287666,audio_recording
sub-8,overt,57,-39.052071263933378,audio_recording
sub-8,overt,58,-30.816909191525685,audio_recording
sub-8,overt,59,-36.005219132309193,audio_recording
sub-8,overt,60,-36.942524348940196,audio_recording
sub-8,overt,61,-40.638068228189354,audio_recording
sub-8,overt,62,-34.699914550017752,audio_recording
sub-8,overt,63,-32.824524904995457,audio_recording
sub-8,overt,64,-35.502003888441209,audio_recording
sub-8,overt,65,-34.797684603366612,audio_recording
sub-8,overt,66,-35.223289808626028,audio_recording
sub-8,overt,67,-43.919799859355471,audio_recording
sub-8,overt,68,-37.398117615727649,audio_recording
sub-8,overt,69,-33.593572478618341,audio_recording
sub-8,overt,70,-34.696645367971378,audio_recording
sub-8,overt,71,-41.803860931040958,audio_recording
sub-8,overt,72,-36.068864215251466,audio_recording
sub-8,overt,73,-36.144475282281306,audio_recording
sub-8,overt,74,-36.548371701387993,audio_recording
sub-8,overt,75,-35.334301935019568,audio_recording
sub-8,overt,76,-35.633011736309925,audio_recording
sub-8,overt,77,-37.048444956671091,audio_recording
sub-8,overt,78,-36.387639657401159,audio_recording
sub-8,overt,79,-36.705284157734383,audio_recording
sub-8,overt,80,-35.691861759087303,audio_recording
sub-8,overt,81,-42.19894608672071,audio_recording
sub-8,overt,82,-36.62903178855025,audio_recording
sub-8,overt,83,-36.321455353894009,audio_recording
sub-8,overt,84,-34.70570758294415,audio_recording
sub-8,overt,85,-42.130925009456362,audio_recording
sub-8,overt,86,-38.368634192483029,audio_recording
sub-8,overt,87,-43.926146197826426,audio_recording
sub-8,overt,88,-33.703899376018619,audio_recording
sub-8,overt,89,-36.204308693279195,audio_recording
sub-8,overt,90,-43.876091854525825,audio_recording
sub-8,overt,91,-35.121903152186249,audio_recording
sub-8,overt,92,-38.847401067064865,audio_recording
sub-8,overt,93,-35.041581322069156,audio_recording
sub-8,overt,94,-35.22186661174527,audio_recording
sub-8,overt,95,-38.293858033749942,audio_recording
sub-8,overt,96,-35.19735657392917,audio_recording
sub-8,overt,97,-33.766937237390465,audio_recording
sub-8,overt,98,-35.683911399411564,audio_recording
sub-8,overt,99,-33.684923244816829,audio_recording
sub-8,overt,100,-33.495150930185119,audio_recording
sub-8,overt,101,-34.360946540829033,audio_recording
sub-8,overt,102,-37.334776428136877,audio_recording
sub-8,overt,103,-37.333195150914328,audio_recording
sub-8,overt,104,-40.197136404373353,audio_recording
sub-8,overt,105,-35.858583714404148,audio_recording
sub-8,overt,106,-33.913023388048138,audio_recording
sub-8,overt,107,-32.932991591363553,audio_recording
sub-8,overt,108,-32.536994690600878,audio_recording
sub-8,overt,109,-33.2472716031956,audio_recording
sub-8,overt,110,-32.428174922514991,audio_recording
sub-8,overt,111,-35.303104278087659,audio_recording
sub-8,overt,112,-38.930315425232841,audio_recording
sub-8,overt,113,-34.944479623106361,audio_recording
sub-8,overt,114,-34.721141348982584,audio_recording
sub-8,overt,115,-33.190194898510455,audio_recording
sub-8,overt,116,-38.85980352297755,audio_recording
sub-8,overt,117,-33.061214550834116,audio_recording
sub-8,overt,118,-31.939763599276755,audio_recording
sub-8,overt,119,-36.544250628226067,audio_recording
sub-8,overt,120,-34.789353508196989,audio_recording
sub-8,overt,121,-40.32217789506889,audio_recording
sub-8,overt,122,-30.882359478122741,audio_recording
sub-8,overt,123,-33.971891318932421,audio_recording
sub-8,overt,124,-38.699922828110076,audio_recording
sub-8,overt,125,-32.344396622256518,audio_recording
sub-8,overt,126,-33.765879984173239,audio_recording
sub-8,overt,127,-36.539013815080153,audio_recording
sub-8,overt,128,-34.243610898678369,audio_recording
sub-8,overt,129,-31.909789235506324,audio_recording
sub-8,overt,130,-42.576632261451493,audio_recording
sub-8,overt,131,-33.404796462094566,audio_recording
sub-8,overt,132,-31.789338874638702,audio_recording
sub-8,overt,133,-35.912565730553361,audio_recording
sub-8,overt,134,-33.200096391654498,audio_recording
sub-8,overt,135,-32.874406390625083,audio_recording
sub-8,overt,136,-35.114887887387781,audio_recording
sub-8,overt,137,-33.467530085525198,audio_recording
sub-8,overt,138,-34.848044772661446,audio_recording
sub-8,overt,139,-42.063839511743389,audio_recording
sub-8,overt,140,-35.78371527663505,audio_recording
sub-8,overt,141,-32.193482201651626,audio_recording
sub-8,overt,142,-36.330869858496357,audio_recording
sub-8,overt,143,-33.446846783301773,audio_recording
sub-8,overt,144,-36.406965405399944,audio_recording
sub-8,overt,145,-38.642664789202968,audio_recording
sub-8,overt,146,-41.770516630884046,audio_recording
sub-8,overt,147,-33.224609155803158,audio_recording
sub-8,overt,148,-32.769975918308901,audio_recording
sub-8,overt,149,-36.639071177190466,audio_recording
sub-8,minimally_overt,0,-52.823233219897645,audio_recording
sub-8,minimally_overt,1,-52.815516989514713,audio_recording
sub-8,minimally_overt,2,-52.43969355437352,audio_recording
sub-8,minimally_overt,3,-53.186175172778761,audio_recording
sub-8,minimally_overt,4,-52.43473278959484,audio_recording
sub-8,minimally_overt,5,-53.300908051890254,audio_recording
sub-8,minimally_overt,6,-51.758636416852262,audio_recording
sub-8,minimally_overt,7,-50.38911249675769,audio_recording
sub-8,minimally_overt,8,-52.386978030508708,audio_recording
sub-8,minimally_overt,9,-53.384868827760442,audio_recording
sub-8,minimally_overt,10,-52.669536020856029,audio_recording
sub-8,minimally_overt,11,-52.449790100163654,audio_recording
sub-8,minimally_overt,12,-53.028483681201251,audio_recording
sub-8,minimally_overt,13,-51.581427608547457,audio_recording
sub-8,minimally_overt,14,-51.287275294263679,audio_recording
sub-8,minimally_overt,15,-52.115669632218328,audio_recording
sub-8,minimally_overt,16,-52.028789423902126,audio_recording
sub-8,minimally_overt,17,-52.318321111906002,audio_recording
sub-8,minimally_overt,18,-52.939290547909231,audio_recording
sub-8,minimally_overt,19,-53.352605245543657,audio_recording
sub-8,minimally_overt,20,-52.606596569253306,audio_recording
sub-8,minimally_overt,21,-53.245609363508976,audio_recording
sub-8,minimally_overt,22,-53.236146117354281,audio_recording
sub-8,minimally_overt,23,-51.53193428967441,audio_recording
sub-8,minimally_overt,24,-52.445858293852581,audio_recording
sub-8,minimally_overt,25,-53.819570548766407,audio_recording
sub-8,minimally_overt,26,-52.41954058163212,audio_recording
sub-8,minimally_overt,27,-53.753512019480695,audio_recording
sub-8,minimally_overt,28,-53.586077387764099,audio_recording
sub-8,minimally_overt,29,-52.846745346831618,audio_recording
sub-8,minimally_overt,30,-53.215940294174217,audio_recording
sub-8,minimally_overt,31,-51.870980516289649,audio_recording
sub-8,minimally_overt,32,-53.255858689167596,audio_recording
sub-8,minimally_overt,33,-53.004241362886901,audio_recording
sub-8,minimally_overt,34,-52.748345553975952,audio_recording
sub-8,minimally_overt,35,-52.501837564748811,audio_recording
sub-8,minimally_overt,36,-52.890993219424622,audio_recording
sub-8,minimally_overt,37,-52.29805837904194,audio_recording
sub-8,minimally_overt,38,-52.402742300759371,audio_recording
sub-8,minimally_overt,39,-53.779666070838388,audio_recording
sub-8,minimally_overt,40,-52.610316659429124,audio_recording
sub-8,minimally_overt,41,-51.501133641495471,audio_recording
sub-8,minimally_overt,42,-53.344639353275923,audio_recording
sub-8,minimally_overt,43,-53.176846071314316,audio_recording
sub-8,minimally_overt,44,-52.833331351272783,audio_recording
sub-8,minimally_overt,45,-53.771758140589135,audio_recording
sub-8,minimally_overt,46,-53.916067430050148,audio_recording
sub-8,minimally_overt,47,-52.843048626402791,audio_recording
sub-8,minimally_overt,48,-53.251893655537643,audio_recording
sub-8,minimally_overt,49,-52.503594680484575,audio_recording
sub-8,minimally_overt,50,-52.989761280883755,audio_recording
sub-8,minimally_overt,51,-52.90791654682495,audio_recording
sub-8,minimally_overt,52,-53.421794338281273,audio_recording
sub-8,minimally_overt,53,-52.720197730927133,audio_recording
sub-8,minimally_overt,54,-52.474469353695739,audio_recording
sub-8,minimally_overt,55,-52.458697530260451,audio_recording
sub-8,minimally_overt,56,-53.061170572123018,audio_recording
sub-8,minimally_overt,57,-52.068233131140673,audio_recording
sub-8,minimally_overt,58,-51.899836134638136,audio_recording
sub-8,minimally_overt,59,-52.829052291462219,audio_recording
sub-8,minimally_overt,60,-53.454616720488602,audio_recording
sub-8,minimally_overt,61,-51.159482961786821,audio_recording
sub-8,minimally_overt,62,-52.424177991203123,audio_recording
sub-8,minimally_overt,63,-51.635929534833529,audio_recording
sub-8,minimally_overt,64,-51.98495801501879,audio_recording
sub-8,minimally_overt,65,-52.682311859636044,audio_recording
sub-8,minimally_overt,66,-51.156831386488747,audio_recording
sub-8,minimally_overt,67,-52.322435181952763,audio_recording
sub-8,minimally_overt,68,-53.039047140265623,audio_recording
sub-8,minimally_overt,69,-53.097894450836606,audio_recording
sub-8,minimally_overt,70,-52.40527752269427,audio_recording
sub-8,minimally_overt,71,-52.173393991412823,audio_recording
sub-8,minimally_overt,72,-51.616511469786268,audio_recording
sub-8,minimally_overt,73,-53.034754457320986,audio_recording
sub-8,minimally_overt,74,-52.306608092033791,audio_recording
sub-8,minimally_overt,75,-51.97162704255836,audio_recording
sub-8,minimally_overt,76,-50.601889692772957,audio_recording
sub-8,minimally_overt,77,-52.357744333095795,audio_recording
sub-8,minimally_overt,78,-52.144559553162253,audio_recording
sub-8,minimally_overt,79,-52.116156562417743,audio_recording
sub-8,minimally_overt,80,-51.375350498672603,audio_recording
sub-8,minimally_overt,81,-52.336590179963835,audio_recording
sub-8,minimally_overt,82,-51.125995523482402,audio_recording
sub-8,minimally_overt,83,-50.798951288996001,audio_recording
sub-8,minimally_overt,84,-52.311662888213725,audio_recording
sub-8,minimally_overt,85,-51.882270199061267,audio_recording
sub-8,minimally_overt,86,-52.766944134198077,audio_recording
sub-8,minimally_overt,87,-50.203391006528157,audio_recording
sub-8,minimally_overt,88,-51.309159592788482,audio_recording
sub-8,minimally_overt,89,-54.099661307728816,audio_recording
sub-8,minimally_overt,90,-52.636360005708056,audio_recording
sub-8,minimally_overt,91,-50.715519216260461,audio_recording
sub-8,minimally_overt,92,-53.092223690100887,audio_recording
sub-8,minimally_overt,93,-52.481830308087197,audio_recording
sub-8,minimally_overt,94,-53.266870332282352,audio_recording
sub-8,minimally_overt,95,-52.350066817847825,audio_recording
sub-8,minimally_overt,96,-51.116984392223436,audio_recording
sub-8,minimally_overt,97,-52.306176890051681,audio_recording
sub-8,minimally_overt,98,-51.665992182915005,audio_recording
sub-8,minimally_overt,99,-51.984274570456506,audio_recording
sub-8,minimally_overt,100,-48.997692435736766,audio_recording
sub-8,minimally_overt,101,-49.856640576922302,audio_recording
sub-8,minimally_overt,102,-49.793990305777704,audio_recording
sub-8,minimally_overt,103,-50.122083999242193,audio_recording
sub-8,minimally_overt,104,-49.471943874503587,audio_recording
sub-8,minimally_overt,105,-50.881120775385639,audio_recording
sub-8,minimally_overt,106,-51.995762875809589,audio_recording
sub-8,minimally_overt,107,-51.810511858709759,audio_recording
sub-8,minimally_overt,108,-51.716099983246288,audio_recording
sub-8,minimally_overt,109,-51.72248673686822,audio_recording
sub-8,minimally_overt,110,-52.294740626855813,audio_recording
sub-8,minimally_overt,111,-51.895102112086562,audio_recording
sub-8,minimally_overt,112,-51.63393856339097,audio_recording
sub-8,minimally_overt,113,-52.08660061814566,audio_recording
sub-8,minimally_overt,114,-51.602346365448824,audio_recording
sub-8,minimally_overt,115,-52.193725988419679,audio_recording
sub-8,minimally_overt,116,-50.620175792733782,audio_recording
sub-8,minimally_overt,117,-51.577775035449179,audio_recording
sub-8,minimally_overt,118,-52.241688906362256,audio_recording
sub-8,minimally_overt,119,-51.183641610197981,audio_recording
sub-8,minimally_overt,120,-52.385590901316412,audio_recording
sub-8,minimally_overt,121,-52.447519981764607,audio_recording
sub-8,minimally_overt,122,-52.606975956448409,audio_recording
sub-8,minimally_overt,123,-51.842801474245789,audio_recording
sub-8,minimally_overt,124,-52.177772521916154,audio_recording
sub-8,minimally_overt,125,-52.931986799704042,audio_recording
sub-8,minimally_overt,126,-51.45880734731584,audio_recording
sub-8,minimally_overt,127,-51.426490620813411,audio_recording
sub-8,minimally_overt,128,-51.517770288781065,audio_recording
sub-8,minimally_overt,129,-47.913929460876275,audio_recording
sub-8,minimally_overt,130,-51.803128874418718,audio_recording
sub-8,minimally_overt,131,-51.839875895370092,audio_recording
sub-8,minimally_overt,132,-52.38695131968565,audio_recording
sub-8,minimally_overt,133,-52.003739759260753,audio_recording
sub-8,minimally_overt,134,-52.042310399670555,audio_recording
sub-8,minimally_overt,135,-52.241741335959887,audio_recording
sub-8,minimally_overt,136,-44.447170135805692,audio_recording
sub-8,minimally_overt,137,-51.990570805863364,audio_recording
sub-8,minimally_overt,138,-52.447672367170902,audio_recording
sub-8,minimally_overt,139,-52.161653995035223,audio_recording
sub-8,minimally_overt,140,-52.433174329144833,audio_recording
sub-8,minimally_overt,141,-52.292259496225405,audio_recording
sub-8,minimally_overt,142,-52.765940234554989,audio_recording
sub-8,minimally_overt,143,-52.773047362608267,audio_recording
sub-8,minimally_overt,144,-51.234005203951874,audio_recording
sub-8,minimally_overt,145,-50.011618158456798,audio_recording
sub-8,minimally_overt,146,-52.545722132404258,audio_recording
sub-8,minimally_overt,147,-52.844769936615783,audio_recording
sub-8,minimally_overt,148,-53.228779942822641,audio_recording
sub-8,minimally_overt,149,-52.057709167951131,audio_recording
sub-8,covert,0,-47.393732387967397,audio_recording
sub-8,covert,1,-51.660150554722712,audio_recording
sub-8,covert,2,-52.898024295653165,audio_recording
sub-8,covert,3,-51.243587042607402,audio_recording
sub-8,covert,4,-52.391115251368063,audio_recording
sub-8,covert,5,-52.035224682562287,audio_recording
sub-8,covert,6,-52.502628532263891,audio_recording
sub-8,covert,7,-52.320718418975815,audio_recording
sub-8,covert,8,-51.775934312440839,audio_recording
sub-8,covert,9,-52.973944874317503,audio_recording
sub-8,covert,10,-52.327354614658262,audio_recording
sub-8,covert,11,-52.179687999267649,audio_recording
sub-8,covert,12,-53.658250165366653,audio_recording
sub-8,covert,13,-53.162334503662308,audio_recording
sub-8,covert,14,-52.570668680554448,audio_recording
sub-8,covert,15,-53.470638746000169,audio_recording
sub-8,covert,16,-53.372385790635853,audio_recording
sub-8,covert,17,-52.857608940162528,audio_recording
sub-8,covert,18,-53.47936849424363,audio_recording
sub-8,covert,19,-53.134368872571102,audio_recording
sub-8,covert,20,-54.018866701127045,audio_recording
sub-8,covert,21,-54.218343336660965,audio_recording
sub-8,covert,22,-52.167150650471648,audio_recording
sub-8,covert,23,-51.382417817535881,audio_recording
sub-8,covert,24,-54.047304134858862,audio_recording
sub-8,covert,25,-53.408912181976063,audio_recording
sub-8,covert,26,-53.569894658842813,audio_recording
sub-8,covert,27,-53.879234833821108,audio_recording
sub-8,covert,28,-50.878198604310917,audio_recording
sub-8,covert,29,-54.512777882301691,audio_recording
sub-8,covert,30,-53.188985497195041,audio_recording
sub-8,covert,31,-53.322336764844614,audio_recording
sub-8,covert,32,-53.559525454088103,audio_recording
sub-8,covert,33,-53.245604891698257,audio_recording
sub-8,covert,34,-52.152824384822537,audio_recording
sub-8,covert,35,-53.132799244719479,audio_recording
sub-8,covert,36,-52.029608058078239,audio_recording
sub-8,covert,37,-52.720422171358585,audio_recording
sub-8,covert,38,-53.356939867638744,audio_recording
sub-8,covert,39,-53.775060806241498,audio_recording
sub-8,covert,40,-53.90169545954511,audio_recording
sub-8,covert,41,-53.410078771681484,audio_recording
sub-8,covert,42,-52.919078649059458,audio_recording
sub-8,covert,43,-54.049447544953189,audio_recording
sub-8,covert,44,-53.117379571728975,audio_recording
sub-8,covert,45,-53.322443889728973,audio_recording
sub-8,covert,46,-53.568115256522184,audio_recording
sub-8,covert,47,-52.081236026822054,audio_recording
sub-8,covert,48,-52.411938708027094,audio_recording
sub-8,covert,49,-52.855357277481517,audio_recording
sub-8,covert,50,-52.902520956963606,audio_recording
sub-8,covert,51,-52.567470586260498,audio_recording
sub-8,covert,52,-52.663454453084938,audio_recording
sub-8,covert,53,-51.812677443599682,audio_recording
sub-8,covert,54,-51.353557445445887,audio_recording
sub-8,covert,55,-51.625727648767764,audio_recording
sub-8,covert,56,-51.288489826725659,audio_recording
sub-8,covert,57,-52.139844287990513,audio_recording
sub-8,covert,58,-52.28171165623737,audio_recording
sub-8,covert,59,-51.978342827058455,audio_recording
sub-8,covert,60,-52.257337494365906,audio_recording
sub-8,covert,61,-52.600378046378864,audio_recording
sub-8,covert,62,-52.043686448385046,audio_recording
sub-8,covert,63,-51.926609208330575,audio_recording
sub-8,covert,64,-52.631274088598374,audio_recording
sub-8,covert,65,-52.764172033924567,audio_recording
sub-8,covert,66,-53.315074334533548,audio_recording
sub-8,covert,67,-52.179083072614958,audio_recording
sub-8,covert,68,-51.622766686074783,audio_recording
sub-8,covert,69,-53.167744039871891,audio_recording
sub-8,covert,70,-52.375854769966359,audio_recording
sub-8,covert,71,-52.284796201228239,audio_recording
sub-8,covert,72,-52.873970360127316,audio_recording
sub-8,covert,73,-52.671540952844794,audio_recording
sub-8,covert,74,-52.286185219035694,audio_recording
sub-8,covert,75,-54.000344427850202,audio_recording
sub-8,covert,76,-52.763077071010329,audio_recording
sub-8,covert,77,-49.395060963292586,audio_recording
sub-8,covert,78,-52.749930289445757,audio_recording
sub-8,covert,79,-52.207379333273551,audio_recording
sub-8,covert,80,-51.869861517752547,audio_recording
sub-8,covert,81,-47.092521304722013,audio_recording
sub-8,covert,82,-50.764332002667025,audio_recording
sub-8,covert,83,-52.996041221799864,audio_recording
sub-8,covert,84,-53.61432820284044,audio_recording
sub-8,covert,85,-52.342138832997648,audio_recording
sub-8,covert,86,-51.938242904901422,audio_recording
sub-8,covert,87,-53.129759616542486,audio_recording
sub-8,covert,88,-52.139984700103653,audio_recording
sub-8,covert,89,-53.480473598506656,audio_recording
sub-8,covert,90,-52.939460705601334,audio_recording
sub-8,covert,91,-52.926074046072614,audio_recording
sub-8,covert,92,-52.512237571372374,audio_recording
sub-8,covert,93,-52.612961303929367,audio_recording
sub-8,covert,94,-53.276476715353894,audio_recording
sub-8,covert,95,-52.598653158423076,audio_recording
sub-8,covert,96,-52.140801293432446,audio_recording
sub-8,covert,97,-52.58438340741688,audio_recording
sub-8,covert,98,-53.158944616769517,audio_recording
sub-8,covert,99,-51.948262756277984,audio_recording
sub-8,covert,100,-52.546834725739586,audio_recording
sub-8,covert,101,-45.809211861339762,audio_recording
sub-8,covert,102,-50.665782767008537,audio_recording
sub-8,covert,103,-50.957554160094595,audio_recording
sub-8,covert,104,-53.129859037360447,audio_recording
sub-8,covert,105,-53.137501475964868,audio_recording
sub-8,covert,106,-53.237682262977415,audio_recording
sub-8,covert,107,-49.828212862755123,audio_recording
sub-8,covert,108,-52.889882693725568,audio_recording
sub-8,covert,109,-53.140501194217549,audio_recording
sub-8,covert,110,-53.691567108907961,audio_recording
sub-8,covert,111,-53.380493640719692,audio_recording
sub-8,covert,112,-52.932192091264184,audio_recording
sub-8,covert,113,-54.06904181131447,audio_recording
sub-8,covert,114,-53.497694620617743,audio_recording
sub-8,covert,115,-52.872927977897248,audio_recording
sub-8,covert,116,-54.268317873139793,audio_recording
sub-8,covert,117,-52.422284667387778,audio_recording
sub-8,covert,118,-53.682550828191296,audio_recording
sub-8,covert,119,-53.58785266636923,audio_recording
sub-8,covert,120,-53.823157921962171,audio_recording
sub-8,covert,121,-54.078813405508626,audio_recording
sub-8,covert,122,-53.230879544492367,audio_recording
sub-8,covert,123,-52.687522911973417,audio_recording
sub-8,covert,124,-53.439858238867387,audio_recording
sub-8,covert,125,-52.204310744731536,audio_recording
sub-8,covert,126,-52.715936700632319,audio_recording
sub-8,covert,127,-52.022197777347415,audio_recording
sub-8,covert,128,-50.023161849363021,audio_recording
sub-8,covert,129,-50.868747522646245,audio_recording
sub-8,covert,130,-53.554675039758678,audio_recording
sub-8,covert,131,-53.111768826463646,audio_recording
sub-8,covert,132,-51.17590383606472,audio_recording
sub-8,covert,133,-52.893243660955918,audio_recording
sub-8,covert,134,-52.984452192500839,audio_recording
sub-8,covert,135,-52.74609350793628,audio_recording
sub-8,covert,136,-52.740669934028325,audio_recording
sub-8,covert,137,-52.394252791379728,audio_recording
sub-8,covert,138,-51.007437628937147,audio_recording
sub-8,covert,139,-52.261967510554129,audio_recording
sub-8,covert,140,-53.094214595383292,audio_recording
sub-8,covert,141,-51.1166741520735,audio_recording
sub-8,covert,142,-50.524363009500405,audio_recording
sub-8,covert,143,-51.857265130702643,audio_recording
sub-8,covert,144,-52.444047041283923,audio_recording
sub-8,covert,145,-50.663883286786501,audio_recording
sub-8,covert,146,-52.284771710787993,audio_recording
sub-8,covert,147,-52.660454256817005,audio_recording
sub-8,covert,148,-50.89092266072597,audio_recording
sub-8,covert,149,-51.651730708284241,audio_recording
sub-9,overt,0,-37.746843543432163,audio_recording
sub-9,overt,1,-39.877842474311535,audio_recording
sub-9,overt,2,-39.300206636726024,audio_recording
sub-9,overt,3,-36.550107690488602,audio_recording
sub-9,overt,4,-35.788978967187575,audio_recording
sub-9,overt,5,-38.455016368949956,audio_recording
sub-9,overt,6,-36.670572383820023,audio_recording
sub-9,overt,7,-36.480247653750531,audio_recording
sub-9,overt,8,-39.198905470975006,audio_recording
sub-9,overt,9,-38.308468123124698,audio_recording
sub-9,overt,10,-38.109765591361878,audio_recording
sub-9,overt,11,-35.701483483418237,audio_recording
sub-9,overt,12,-38.796947082110897,audio_recording
sub-9,overt,13,-38.738844046693728,audio_recording
sub-9,overt,14,-38.379177320285528,audio_recording
sub-9,overt,15,-38.677498379168625,audio_recording
sub-9,overt,16,-36.16110417666188,audio_recording
sub-9,overt,17,-38.962227199404005,audio_recording
sub-9,overt,18,-35.627062665690708,audio_recording
sub-9,overt,19,-35.633372645726126,audio_recording
sub-9,overt,20,-35.490825697641199,audio_recording
sub-9,overt,21,-36.953825108766722,audio_recording
sub-9,overt,22,-37.543568162240682,audio_recording
sub-9,overt,23,-38.630071872461741,audio_recording
sub-9,overt,24,-35.806552299495735,audio_recording
sub-9,overt,25,-37.474902945636359,audio_recording
sub-9,overt,26,-35.272605913229789,audio_recording
sub-9,overt,27,-35.259001293569554,audio_recording
sub-9,overt,28,-38.678662237529352,audio_recording
sub-9,overt,29,-35.942221627306154,audio_recording
sub-9,overt,30,-35.402565256059191,audio_recording
sub-9,overt,31,-37.605931676536123,audio_recording
sub-9,overt,32,-36.009309830988187,audio_recording
sub-9,overt,33,-38.914576573502899,audio_recording
sub-9,overt,34,-35.703930499394943,audio_recording
sub-9,overt,35,-35.716931526083222,audio_recording
sub-9,overt,36,-38.548186280006107,audio_recording
sub-9,overt,37,-37.939798565380073,audio_recording
sub-9,overt,38,-35.146353353034733,audio_recording
sub-9,overt,39,-36.460692793572015,audio_recording
sub-9,overt,40,-39.337734623782339,audio_recording
sub-9,overt,41,-38.528624168835137,audio_recording
sub-9,overt,42,-36.77055414132407,audio_recording
sub-9,overt,43,-38.480436572519103,audio_recording
sub-9,overt,44,-39.394921278384089,audio_recording
sub-9,overt,45,-35.092145125114747,audio_recording
sub-9,overt,46,-37.533576463332267,audio_recording
sub-9,overt,47,-36.471994481444533,audio_recording
sub-9,overt,48,-39.899674019344687,audio_recording
sub-9,overt,49,-39.158268693673392,audio_recording
sub-9,overt,50,-37.791018879438383,audio_recording
sub-9,overt,51,-38.639052871562676,audio_recording
sub-9,overt,52,-35.211720755796243,audio_recording
sub-9,overt,53,-38.389039961959398,audio_recording
sub-9,overt,54,-38.318917810829838,audio_recording
sub-9,overt,55,-39.277192660143825,audio_recording
sub-9,overt,56,-37.852288967681844,audio_recording
sub-9,overt,57,-41.767009436480862,audio_recording
sub-9,overt,58,-39.430552467371669,audio_recording
sub-9,overt,59,-35.496569343033649,audio_recording
sub-9,overt,60,-34.891990459228097,audio_recording
sub-9,overt,61,-36.440506710576628,audio_recording
sub-9,overt,62,-38.82053857362537,audio_recording
sub-9,overt,63,-38.728063746835815,audio_recording
sub-9,overt,64,-38.447462017545774,audio_recording
sub-9,overt,65,-36.819336199559267,audio_recording
sub-9,overt,66,-34.796601876701104,audio_recording
sub-9,overt,67,-38.986235097512804,audio_recording
sub-9,overt,68,-38.009722856482085,audio_recording
sub-9,overt,69,-36.027239654207662,audio_recording
sub-9,overt,70,-37.606230352819729,audio_recording
sub-9,overt,71,-37.448328613825929,audio_recording
sub-9,overt,72,-35.27685759653999,audio_recording
sub-9,overt,73,-37.491810604066146,audio_recording
sub-9,overt,74,-35.379656110436166,audio_recording
sub-9,overt,75,-37.494020704751236,audio_recording
sub-9,overt,76,-36.384606034197816,audio_recording
sub-9,overt,77,-37.998183149201552,audio_recording
sub-9,overt,78,-38.602196288719874,audio_recording
sub-9,overt,79,-37.625919364626931,audio_recording
sub-9,overt,80,-34.71068031440992,audio_recording
sub-9,overt,81,-39.146567887287461,audio_recording
sub-9,overt,82,-39.481440388808409,audio_recording
sub-9,overt,83,-39.662002242447244,audio_recording
sub-9,overt,84,-39.223858615792615,audio_recording
sub-9,overt,85,-36.746125054402256,audio_recording
sub-9,overt,86,-39.959817164405287,audio_recording
sub-9,overt,87,-35.019902226386499,audio_recording
sub-9,overt,88,-38.205052404687351,audio_recording
sub-9,overt,89,-37.532351699304805,audio_recording
sub-9,overt,90,-34.276811351234571,audio_recording
sub-9,overt,91,-38.895530772551545,audio_recording
sub-9,overt,92,-35.836414884894779,audio_recording
sub-9,overt,93,-39.425906377468564,audio_recording
sub-9,overt,94,-38.722118209709549,audio_recording
sub-9,overt,95,-40.068811096872864,audio_recording
sub-9,overt,96,-39.42584843166614,audio_recording
sub-9,overt,97,-38.398577324938088,audio_recording
sub-9,overt,98,-39.224675199896041,audio_recording
sub-9,overt,99,-38.848731154079282,audio_recording
sub-9,overt,100,-41.09565046486933,audio_recording
sub-9,overt,101,-39.678131241022328,audio_recording
sub-9,overt,102,-36.649450110388273,audio_recording
sub-9,overt,103,-36.573652599298335,audio_recording
sub-9,overt,104,-40.984319870450179,audio_recording
sub-9,overt,105,-36.692522986815888,audio_recording
sub-9,overt,106,-38.368568993206104,audio_recording
sub-9,overt,107,-40.226545679676299,audio_recording
sub-9,overt,108,-35.899240204395568,audio_recording
sub-9,overt,109,-37.975330346157577,audio_recording
sub-9,overt,110,-37.50096973301698,audio_recording
sub-9,overt,111,-38.519946636888037,audio_recording
sub-9,overt,112,-40.299328578534102,audio_recording
sub-9,overt,113,-41.431138769205099,audio_recording
sub-9,overt,114,-39.847526836777703,audio_recording
sub-9,overt,115,-35.635593367298696,audio_recording
sub-9,overt,116,-39.862632394777599,audio_recording
sub-9,overt,117,-40.414523755033045,audio_recording
sub-9,overt,118,-37.156567907770096,audio_recording
sub-9,overt,119,-35.943624924245448,audio_recording
sub-9,overt,120,-35.616820275472278,audio_recording
sub-9,overt,121,-39.432042907559307,audio_recording
sub-9,overt,122,-39.023517795187388,audio_recording
sub-9,overt,123,-37.352648884081987,audio_recording
sub-9,overt,124,-38.949375279902384,audio_recording
sub-9,overt,125,-40.051751858860897,audio_recording
sub-9,overt,126,-39.370512527137166,audio_recording
sub-9,overt,127,-40.521929106445242,audio_recording
sub-9,overt,128,-39.092479346909769,audio_recording
sub-9,overt,129,-35.916076176985634,audio_recording
sub-9,overt,130,-36.775587252380006,audio_recording
sub-9,overt,131,-39.770181526630168,audio_recording
sub-9,overt,132,-37.024642032568067,audio_recording
sub-9,overt,133,-35.789215240984809,audio_recording
sub-9,overt,134,-40.421994471595021,audio_recording
sub-9,overt,135,-36.80951583648995,audio_recording
sub-9,overt,136,-38.625651776763817,audio_recording
sub-9,overt,137,-37.338295731986925,audio_recording
sub-9,overt,138,-36.622507479298932,audio_recording
sub-9,overt,139,-37.707094717494471,audio_recording
sub-9,overt,140,-40.103693505831103,audio_recording
sub-9,overt,141,-39.163604376222018,audio_recording
sub-9,overt,142,-37.546481315792619,audio_recording
sub-9,overt,143,-38.906578993742144,audio_recording
sub-9,overt,144,-39.334253575076914,audio_recording
sub-9,overt,145,-38.478904464727052,audio_recording
sub-9,overt,146,-39.66993206340311,audio_recording
sub-9,overt,147,-39.085468386569943,audio_recording
sub-9,overt,148,-37.621922371407159,audio_recording
sub-9,overt,149,-39.144984963676421,audio_recording
sub-9,minimally_overt,0,-43.341244520600796,audio_recording
sub-9,minimally_overt,1,-41.261310106943071,audio_recording
sub-9,minimally_overt,2,-40.297110318955411,audio_recording
sub-9,minimally_overt,3,-37.172935642849154,audio_recording
sub-9,minimally_overt,4,-40.063285258983832,audio_recording
sub-9,minimally_overt,5,-40.825516879358304,audio_recording
sub-9,minimally_overt,6,-41.575297357453962,audio_recording
sub-9,minimally_overt,7,-42.919522785720915,audio_recording
sub-9,minimally_overt,8,-40.661998923087168,audio_recording
sub-9,minimally_overt,9,-43.06905933083798,audio_recording
sub-9,minimally_overt,10,-42.330676327591533,audio_recording
sub-9,minimally_overt,11,-40.82568687825642,audio_recording
sub-9,minimally_overt,12,-41.925695622294178,audio_recording
sub-9,minimally_overt,13,-42.946017259411867,audio_recording
sub-9,minimally_overt,14,-45.758984324245233,audio_recording
sub-9,minimally_overt,15,-44.347966517303107,audio_recording
sub-9,minimally_overt,16,-41.700895164402709,audio_recording
sub-9,minimally_overt,17,-46.944689981403741,audio_recording
sub-9,minimally_overt,18,-36.541728372762876,audio_recording
sub-9,minimally_overt,19,-42.362018244866164,audio_recording
sub-9,minimally_overt,20,-39.245153912903049,audio_recording
sub-9,minimally_overt,21,-42.493074551463572,audio_recording
sub-9,minimally_overt,22,-44.443344308901224,audio_recording
sub-9,minimally_overt,23,-41.735672231846998,audio_recording
sub-9,minimally_overt,24,-46.510344982089933,audio_recording
sub-9,minimally_overt,25,-37.579240849901723,audio_recording
sub-9,minimally_overt,26,-45.45511050676577,audio_recording
sub-9,minimally_overt,27,-42.341490536785813,audio_recording
sub-9,minimally_overt,28,-38.614693069788039,audio_recording
sub-9,minimally_overt,29,-39.831836570436302,audio_recording
sub-9,minimally_overt,30,-39.78285325743262,audio_recording
sub-9,minimally_overt,31,-39.903319009523862,audio_recording
sub-9,minimally_overt,32,-38.749435072753791,audio_recording
sub-9,minimally_overt,33,-40.563011398411327,audio_recording
sub-9,minimally_overt,34,-40.697240125852957,audio_recording
sub-9,minimally_overt,35,-38.832593828089912,audio_recording
sub-9,minimally_overt,36,-40.723908766362534,audio_recording
sub-9,minimally_overt,37,-39.714852171316238,audio_recording
sub-9,minimally_overt,38,-38.809387421998728,audio_recording
sub-9,minimally_overt,39,-39.123754585022404,audio_recording
sub-9,minimally_overt,40,-43.206293170105717,audio_recording
sub-9,minimally_overt,41,-40.936345709337047,audio_recording
sub-9,minimally_overt,42,-35.984031062549001,audio_recording
sub-9,minimally_overt,43,-40.165802347970278,audio_recording
sub-9,minimally_overt,44,-44.901874199165363,audio_recording
sub-9,minimally_overt,45,-45.302645307279974,audio_recording
sub-9,minimally_overt,46,-37.768105719497925,audio_recording
sub-9,minimally_overt,47,-39.280240424158045,audio_recording
sub-9,minimally_overt,48,-40.107103247678744,audio_recording
sub-9,minimally_overt,49,-46.323349054768471,audio_recording
sub-9,minimally_overt,50,-39.376577610224814,audio_recording
sub-9,minimally_overt,51,-40.565591900503819,audio_recording
sub-9,minimally_overt,52,-42.863490306370565,audio_recording
sub-9,minimally_overt,53,-44.985332446557166,audio_recording
sub-9,minimally_overt,54,-42.434579678414266,audio_recording
sub-9,minimally_overt,55,-42.634361130062402,audio_recording
sub-9,minimally_overt,56,-44.575871149154707,audio_recording
sub-9,minimally_overt,57,-40.743132082825284,audio_recording
sub-9,minimally_overt,58,-41.948626212946621,audio_recording
sub-9,minimally_overt,59,-42.497362843829478,audio_recording
sub-9,minimally_overt,60,-38.553910770708626,audio_recording
sub-9,minimally_overt,61,-41.125688340596767,audio_recording
sub-9,minimally_overt,62,-41.856766490097691,audio_recording
sub-9,minimally_overt,63,-43.163135244661255,audio_recording
sub-9,minimally_overt,64,-43.701649023224974,audio_recording
sub-9,minimally_overt,65,-41.659809935831149,audio_recording
sub-9,minimally_overt,66,-47.030211415478846,audio_recording
sub-9,minimally_overt,67,-46.671990619871451,audio_recording
sub-9,minimally_overt,68,-45.365794367044522,audio_recording
sub-9,minimally_overt,69,-44.332784800868339,audio_recording
sub-9,minimally_overt,70,-41.892769582519179,audio_recording
sub-9,minimally_overt,71,-36.260233843600822,audio_recording
sub-9,minimally_overt,72,-37.714901071211656,audio_recording
sub-9,minimally_overt,73,-41.366497782394845,audio_recording
sub-9,minimally_overt,74,-39.035031393156238,audio_recording
sub-9,minimally_overt,75,-39.155494420111353,audio_recording
sub-9,minimally_overt,76,-38.420659632098044,audio_recording
sub-9,minimally_overt,77,-41.11119449172412,audio_recording
sub-9,minimally_overt,78,-45.765101639624554,audio_recording
sub-9,minimally_overt,79,-42.907817348220036,audio_recording
sub-9,minimally_overt,80,-44.195098192665192,audio_recording
sub-9,minimally_overt,81,-44.039157378863123,audio_recording
sub-9,minimally_overt,82,-37.241170267564804,audio_recording
sub-9,minimally_overt,83,-39.987595602809577,audio_recording
sub-9,minimally_overt,84,-40.465857101320232,audio_recording
sub-9,minimally_overt,85,-43.596582569981145,audio_recording
sub-9,minimally_overt,86,-38.234217952329644,audio_recording
sub-9,minimally_overt,87,-47.631625048138687,audio_recording
sub-9,minimally_overt,88,-44.631405100108665,audio_recording
sub-9,minimally_overt,89,-42.035752080976174,audio_recording
sub-9,minimally_overt,90,-41.038257710650242,audio_recording
sub-9,minimally_overt,91,-38.361601821542379,audio_recording
sub-9,minimally_overt,92,-39.348715072763255,audio_recording
sub-9,minimally_overt,93,-41.269165158370505,audio_recording
sub-9,minimally_overt,94,-42.703328303775749,audio_recording
sub-9,minimally_overt,95,-44.285548535502677,audio_recording
sub-9,minimally_overt,96,-43.158831868350809,audio_recording
sub-9,minimally_overt,97,-44.323890812834932,audio_recording
sub-9,minimally_overt,98,-43.503380209645499,audio_recording
sub-9,minimally_overt,99,-44.422051241083764,audio_recording
sub-9,minimally_overt,100,-38.665548385931295,audio_recording
sub-9,minimally_overt,101,-40.82049869720133,audio_recording
sub-9,minimally_overt,102,-41.26307027833559,audio_recording
sub-9,minimally_overt,103,-40.645098384903704,audio_recording
sub-9,minimally_overt,104,-39.281571089136918,audio_recording
sub-9,minimally_overt,105,-43.268369003230767,audio_recording
sub-9,minimally_overt,106,-43.279612609406605,audio_recording
sub-9,minimally_overt,107,-43.497499494891173,audio_recording
sub-9,minimally_overt,108,-41.88077616387271,audio_recording
sub-9,minimally_overt,109,-42.128041686725673,audio_recording
sub-9,minimally_overt,110,-40.633430061135854,audio_recording
sub-9,minimally_overt,111,-42.928288371996096,audio_recording
sub-9,minimally_overt,112,-43.983579943320024,audio_recording
sub-9,minimally_overt,113,-42.840057634953737,audio_recording
sub-9,minimally_overt,114,-44.9523890178112,audio_recording
sub-9,minimally_overt,115,-45.380132079847954,audio_recording
sub-9,minimally_overt,116,-42.06722508584356,audio_recording
sub-9,minimally_overt,117,-41.635918873639881,audio_recording
sub-9,minimally_overt,118,-41.616056555576563,audio_recording
sub-9,minimally_overt,119,-43.621791284369841,audio_recording
sub-9,minimally_overt,120,-40.113851331555068,audio_recording
sub-9,minimally_overt,121,-39.952731496946001,audio_recording
sub-9,minimally_overt,122,-41.564489329093071,audio_recording
sub-9,minimally_overt,123,-43.167046971222227,audio_recording
sub-9,minimally_overt,124,-41.285177611098263,audio_recording
sub-9,minimally_overt,125,-41.457181568034322,audio_recording
sub-9,minimally_overt,126,-42.114664380219658,audio_recording
sub-9,minimally_overt,127,-40.074253619869381,audio_recording
sub-9,minimally_overt,128,-40.29512297188667,audio_recording
sub-9,minimally_overt,129,-39.798434456834457,audio_recording
sub-9,minimally_overt,130,-42.198225929273512,audio_recording
sub-9,minimally_overt,131,-42.030359585562792,audio_recording
sub-9,minimally_overt,132,-42.124471281645882,audio_recording
sub-9,minimally_overt,133,-42.677219174882481,audio_recording
sub-9,minimally_overt,134,-42.539878511233724,audio_recording
sub-9,minimally_overt,135,-45.973511927197137,audio_recording
sub-9,minimally_overt,136,-43.69898497901967,audio_recording
sub-9,minimally_overt,137,-39.511953483728227,audio_recording
sub-9,minimally_overt,138,-40.696419906876898,audio_recording
sub-9,minimally_overt,139,-41.374421793046054,audio_recording
sub-9,minimally_overt,140,-42.072777696081154,audio_recording
sub-9,minimally_overt,141,-42.572103378934642,audio_recording
sub-9,minimally_overt,142,-41.094567185995672,audio_recording
sub-9,minimally_overt,143,-40.664930064060066,audio_recording
sub-9,minimally_overt,144,-42.154627080405831,audio_recording
sub-9,minimally_overt,145,-41.963091546644193,audio_recording
sub-9,minimally_overt,146,-41.015133604821813,audio_recording
sub-9,minimally_overt,147,-42.284439942655595,audio_recording
sub-9,minimally_overt,148,-41.986841834027217,audio_recording
sub-9,minimally_overt,149,-40.420349905025667,audio_recording
sub-9,covert,0,-46.156161388233272,audio_recording
sub-9,covert,1,-52.704758085323185,audio_recording
sub-9,covert,2,-52.98426853197207,audio_recording
sub-9,covert,3,-52.101593677880331,audio_recording
sub-9,covert,4,-52.016465735340716,audio_recording
sub-9,covert,5,-51.722678198969355,audio_recording
sub-9,covert,6,-51.307790759488441,audio_recording
sub-9,covert,7,-52.891659251967489,audio_recording
sub-9,covert,8,-51.122345886452123,audio_recording
sub-9,covert,9,-52.244773724102814,audio_recording
sub-9,covert,10,-52.476540224930588,audio_recording
sub-9,covert,11,-52.400637440126864,audio_recording
sub-9,covert,12,-51.874956419703558,audio_recording
sub-9,covert,13,-53.172985322495805,audio_recording
sub-9,covert,14,-53.117009825122715,audio_recording
sub-9,covert,15,-52.448556330904694,audio_recording
sub-9,covert,16,-51.911214668813386,audio_recording
sub-9,covert,17,-51.430782437524442,audio_recording
sub-9,covert,18,-51.953603945944195,audio_recording
sub-9,covert,19,-54.372262770857766,audio_recording
sub-9,covert,20,-49.14960254313084,audio_recording
sub-9,covert,21,-52.809911612223665,audio_recording
sub-9,covert,22,-50.790486521610887,audio_recording
sub-9,covert,23,-53.234616342572998,audio_recording
sub-9,covert,24,-51.979348983758044,audio_recording
sub-9,covert,25,-52.29268654889006,audio_recording
sub-9,covert,26,-53.361831174209684,audio_recording
sub-9,covert,27,-52.611302967907683,audio_recording
sub-9,covert,28,-52.374539948765367,audio_recording
sub-9,covert,29,-50.600624515197111,audio_recording
sub-9,covert,30,-51.78211780923175,audio_recording
sub-9,covert,31,-51.777969758564915,audio_recording
sub-9,covert,32,-50.490620417986108,audio_recording
sub-9,covert,33,-51.442230658565521,audio_recording
sub-9,covert,34,-51.486043994273743,audio_recording
sub-9,covert,35,-51.145956480157153,audio_recording
sub-9,covert,36,-53.057121737014413,audio_recording
sub-9,covert,37,-52.68979152159713,audio_recording
sub-9,covert,38,-52.06523347977673,audio_recording
sub-9,covert,39,-52.361970514969109,audio_recording
sub-9,covert,40,-49.699444643449425,audio_recording
sub-9,covert,41,-50.05388196227689,audio_recording
sub-9,covert,42,-51.99928565699625,audio_recording
sub-9,covert,43,-52.382841417404393,audio_recording
sub-9,covert,44,-53.060074012188458,audio_recording
sub-9,covert,45,-52.742566594749078,audio_recording
sub-9,covert,46,-52.937845020375164,audio_recording
sub-9,covert,47,-51.924088481338579,audio_recording
sub-9,covert,48,-51.179648599634397,audio_recording
sub-9,covert,49,-53.082705759868801,audio_recording
sub-9,covert,50,-53.103477776871053,audio_recording
sub-9,covert,51,-52.193972836163347,audio_recording
sub-9,covert,52,-53.090440580187732,audio_recording
sub-9,covert,53,-53.46839495370385,audio_recording
sub-9,covert,54,-50.823034077821703,audio_recording
sub-9,covert,55,-53.003043344124009,audio_recording
sub-9,covert,56,-52.567775489718095,audio_recording
sub-9,covert,57,-52.724514594072247,audio_recording
sub-9,covert,58,-53.260727448452357,audio_recording
sub-9,covert,59,-52.585215527652444,audio_recording
sub-9,covert,60,-52.771227917555628,audio_recording
sub-9,covert,61,-49.602210425250504,audio_recording
sub-9,covert,62,-52.029445703536162,audio_recording
sub-9,covert,63,-52.541137632042293,audio_recording
sub-9,covert,64,-51.814635707116508,audio_recording
sub-9,covert,65,-52.829121114098392,audio_recording
sub-9,covert,66,-53.39693317444965,audio_recording
sub-9,covert,67,-53.076671328147626,audio_recording
sub-9,covert,68,-52.622817900290762,audio_recording
sub-9,covert,69,-49.855859003413904,audio_recording
sub-9,covert,70,-52.417755913172655,audio_recording
sub-9,covert,71,-52.952478611599588,audio_recording
sub-9,covert,72,-52.573245383002728,audio_recording
sub-9,covert,73,-52.99375152171632,audio_recording
sub-9,covert,74,-52.592045376967739,audio_recording
sub-9,covert,75,-52.213095273757432,audio_recording
sub-9,covert,76,-52.256195580304038,audio_recording
sub-9,covert,77,-51.969008683109095,audio_recording
sub-9,covert,78,-53.393098876153957,audio_recording
sub-9,covert,79,-50.833038414250758,audio_recording
sub-9,covert,80,-54.814383398061111,audio_recording
sub-9,covert,81,-53.12073956958541,audio_recording
sub-9,covert,82,-38.553398179971701,audio_recording
sub-9,covert,83,-45.784706270090076,audio_recording
sub-9,covert,84,-52.397906631209182,audio_recording
sub-9,covert,85,-54.060072910565395,audio_recording
sub-9,covert,86,-51.868937695743028,audio_recording
sub-9,covert,87,-52.653615276016382,audio_recording
sub-9,covert,88,-51.187853695446471,audio_recording
sub-9,covert,89,-48.763924178474845,audio_recording
sub-9,covert,90,-52.040340356848724,audio_recording
sub-9,covert,91,-52.505972515863583,audio_recording
sub-9,covert,92,-50.710167335516637,audio_recording
sub-9,covert,93,-52.141384385806688,audio_recording
sub-9,covert,94,-51.99603923570362,audio_recording
sub-9,covert,95,-50.284503497323001,audio_recording
sub-9,covert,96,-52.800098341126308,audio_recording
sub-9,covert,97,-52.268524640306978,audio_recording
sub-9,covert,98,-52.567208826212216,audio_recording
sub-9,covert,99,-52.916709886906766,audio_recording
sub-9,covert,100,-52.18388865980446,audio_recording
sub-9,covert,101,-51.894972998013166,audio_recording
sub-9,covert,102,-52.110022391624902,audio_recording
sub-9,covert,103,-43.925784650555016,audio_recording
sub-9,covert,104,-49.423222664312981,audio_recording
sub-9,covert,105,-48.08322680885459,audio_recording
sub-9,covert,106,-52.110866415671325,audio_recording
sub-9,covert,107,-52.673450716620586,audio_recording
sub-9,covert,108,-48.51779484808857,audio_recording
sub-9,covert,109,-53.098776278720564,audio_recording
sub-9,covert,110,-49.66278509309295,audio_recording
sub-9,covert,111,-55.186823515445383,audio_recording
sub-9,covert,112,-54.485139364364429,audio_recording
sub-9,covert,113,-54.289143510415819,audio_recording
sub-9,covert,114,-54.276298837289559,audio_recording
sub-9,covert,115,-54.316292809360107,audio_recording
sub-9,covert,116,-54.862207596041564,audio_recording
sub-9,covert,117,-54.953984357166142,audio_recording
sub-9,covert,118,-52.971517854417641,audio_recording
sub-9,covert,119,-54.366651872410486,audio_recording
sub-9,covert,120,-53.928937389987873,audio_recording
sub-9,covert,121,-53.377993980254942,audio_recording
sub-9,covert,122,-54.160821421492805,audio_recording
sub-9,covert,123,-50.172442042041631,audio_recording
sub-9,covert,124,-53.75322378767256,audio_recording
sub-9,covert,125,-52.831574933452366,audio_recording
sub-9,covert,126,-52.362106059825706,audio_recording
sub-9,covert,127,-54.203020401517236,audio_recording
sub-9,covert,128,-54.910321756983841,audio_recording
sub-9,covert,129,-54.609889818606945,audio_recording
sub-9,covert,130,-53.721234041516716,audio_recording
sub-9,covert,131,-53.128758730461875,audio_recording
sub-9,covert,132,-54.383998781892501,audio_recording
sub-9,covert,133,-52.779615421341482,audio_recording
sub-9,covert,134,-54.21644573160745,audio_recording
sub-9,covert,135,-53.661005039614615,audio_recording
sub-9,covert,136,-54.317436524638588,audio_recording
sub-9,covert,137,-51.959297109038985,audio_recording
sub-9,covert,138,-52.349350058774448,audio_recording
sub-9,covert,139,-54.041813953119124,audio_recording
sub-9,covert,140,-53.356255761182418,audio_recording
sub-9,covert,141,-53.848418077288798,audio_recording
sub-9,covert,142,-50.891956789134085,audio_recording
sub-9,covert,143,-49.222191412289668,audio_recording
sub-9,covert,144,-53.603700558434539,audio_recording
sub-9,covert,145,-51.757352988351983,audio_recording
sub-9,covert,146,-47.003341635257804,audio_recording
sub-9,covert,147,-53.072713616457719,audio_recording
sub-9,covert,148,-50.171659455034899,audio_recording
sub-9,covert,149,-52.735611633257093,audio_recording
